{
  "type" : "FeatureCollection",
  "features" : [{"type":"Feature","id":0,"geometry":{"type":"Point","coordinates":[-4.554049128556187,50.832622564309474]},"properties":{"FID":0,"Name":"Bude Sea pool","Date":"1930","CODSP":"GBR-003","Contr_Id":"GBR","Admin01":"United Kingdom","Admin02":"England","Confidence":"High","Marin_Reg0":"North Atlantic Ocean","Marin_Reg1":"Celtic Sea","SIZE":4101.1768340899998,"MSLT":4.6903676986700003,"SWHS":1.60221028328,"TIDE":7.05146551132,"GCL2020":"Rocky","COASTSP":"Mixed (sandy/rocky)"}},{"type":"Feature","id":1,"geometry":{"type":"Point","coordinates":[1.4041873679062746,51.393081795027399]},"properties":{"FID":1,"Name":"Walpole Tidal Pool","Date":"1937","CODSP":"GBR-049","Contr_Id":"GBR","Admin01":"United Kingdom","Admin02":"England","Confidence":"High","Marin_Reg0":"North Atlantic Ocean","Marin_Reg1":"North Sea","SIZE":23555.027624300001,"MSLT":3.6460609436000002,"SWHS":1.06571125984,"TIDE":4.7069177627599998,"GCL2020":"Artificial","COASTSP":"Sandy"}},{"type":"Feature","id":2,"geometry":{"type":"Point","coordinates":[-2.8687599995741948,51.435749099841075]},"properties":{"FID":2,"Name":"Clevedon Marine Lake","Date":"1929","CODSP":"GBR-008","Contr_Id":"GBR","Admin01":"United Kingdom","Admin02":"England","Confidence":"High","Marin_Reg0":"North Atlantic Ocean","Marin_Reg1":"Bristol Channel","SIZE":18349.359175900001,"MSLT":4.64639377594,"SWHS":0.154212206602,"TIDE":11.268100738499999,"GCL2020":"Sandy","COASTSP":"Mixed (sandy/rocky)"}},{"type":"Feature","id":3,"geometry":{"type":"Point","coordinates":[-4.2430890998820132,51.04080200001232]},"properties":{"FID":3,"Name":"Westward Ho! Sea Pool","Date":"1900s","CODSP":"GBR-051","Contr_Id":"GBR","Admin01":"United Kingdom","Admin02":"England","Confidence":"High","Marin_Reg0":"North Atlantic Ocean","Marin_Reg1":"Bristol Channel","SIZE":472.91066797000002,"MSLT":4.7336421012900001,"SWHS":1.16251301765,"TIDE":7.8381237983699998,"GCL2020":"Muddy","COASTSP":"Rocky"}},{"type":"Feature","id":4,"geometry":{"type":"Point","coordinates":[-3.4988772258548124,50.401266536468256]},"properties":{"FID":4,"Name":"Shoalstone Seawater Pool","Date":"1896","CODSP":"GBR-031","Contr_Id":"GBR","Admin01":"United Kingdom","Admin02":"England","Confidence":"High","Marin_Reg0":"North Atlantic Ocean","Marin_Reg1":"English Channel","SIZE":953.64705500000002,"MSLT":4.6602349281300004,"SWHS":1.47086262703,"TIDE":4.0384192466700002,"GCL2020":"Rocky","COASTSP":"Rocky"}},{"type":"Feature","id":5,"geometry":{"type":"Point","coordinates":[-4.9836604001154114,50.543732430975354]},"properties":{"FID":5,"Name":"Trevone Natural Sea Pool (Newtrain Bay)","Date":"1920s","CODSP":"GBR-045","Contr_Id":"GBR","Admin01":"United Kingdom","Admin02":"England","Confidence":"High","Marin_Reg0":"North Atlantic Ocean","Marin_Reg1":"Celtic Sea","SIZE":453.11595110000002,"MSLT":4.8301439285300001,"SWHS":1.8651497364,"TIDE":6.6370568275500004,"GCL2020":"Rocky","COASTSP":"Rocky"}},{"type":"Feature","id":6,"geometry":{"type":"Point","coordinates":[-4.5569769828285303,50.831599694969441]},"properties":{"FID":6,"Name":"Sir Thomas's Pit Tital Pool","Date":"1859","CODSP":"GBR-032","Contr_Id":"GBR","Admin01":"United Kingdom","Admin02":"England","Confidence":"High","Marin_Reg0":"North Atlantic Ocean","Marin_Reg1":"Celtic Sea","SIZE":140.71529982600001,"MSLT":4.6903676986700003,"SWHS":1.60221028328,"TIDE":7.05146551132,"GCL2020":"Rocky","COASTSP":"Rocky"}},{"type":"Feature","id":7,"geometry":{"type":"Point","coordinates":[-2.7559640185246508,56.206093322548782]},"properties":{"FID":7,"Name":"St Monans Tidal Pool","Date":"1930s","CODSP":"GBR-034","Contr_Id":"GBR","Admin01":"United Kingdom","Admin02":"Scotland","Confidence":"High","Marin_Reg0":"North Atlantic Ocean","Marin_Reg1":"North Sea","SIZE":2920.2809352899999,"MSLT":4.8241209983799997,"SWHS":1.2167122364,"TIDE":5.0072946548499999,"GCL2020":"Rocky","COASTSP":"Rocky"}},{"type":"Feature","id":8,"geometry":{"type":"Point","coordinates":[-3.0701887170355917,58.428784805174644]},"properties":{"FID":8,"Name":"The Trinkie","Date":"1920s/1931","CODSP":"GBR-044","Contr_Id":"GBR","Admin01":"United Kingdom","Admin02":"Scotland","Confidence":"High","Marin_Reg0":"North Atlantic Ocean","Marin_Reg1":"North Sea","SIZE":1399.9409547499999,"MSLT":4.5293087959299996,"SWHS":1.8436653614,"TIDE":3.2739052772499999,"GCL2020":"Rocky","COASTSP":"Rocky"}},{"type":"Feature","id":9,"geometry":{"type":"Point","coordinates":[-2.5298014785303167,49.447844650212915]},"properties":{"FID":9,"Name":"La Vallette Ladies Pool","Date":"1844/1896","CODSP":"GGY-003","Contr_Id":"GGY","Admin01":"Guernsey","Admin02":"Saint Peter Port","Confidence":"High","Marin_Reg0":"North Atlantic Ocean","Marin_Reg1":"English Channel","SIZE":2444.70835446,"MSLT":4.94018268585,"SWHS":1.61258625984,"TIDE":7.7663035392799999,"GCL2020":"NaN","COASTSP":"Rocky"}},{"type":"Feature","id":10,"geometry":{"type":"Point","coordinates":[-2.5299712594160155,49.447489214023847]},"properties":{"FID":10,"Name":"La Vallette Children's Pool","Date":"1844/1896","CODSP":"GGY-001","Contr_Id":"GGY","Admin01":"Guernsey","Admin02":"Saint Peter Port","Confidence":"High","Marin_Reg0":"North Atlantic Ocean","Marin_Reg1":"English Channel","SIZE":1249.2923216900001,"MSLT":4.94018268585,"SWHS":1.61258625984,"TIDE":7.7663035392799999,"GCL2020":"NaN","COASTSP":"Rocky"}},{"type":"Feature","id":11,"geometry":{"type":"Point","coordinates":[-2.5322636364576283,49.449455138743531]},"properties":{"FID":11,"Name":"La Vallette Gent's Pool","Date":"1844/1896","CODSP":"GGY-002","Contr_Id":"GGY","Admin01":"Guernsey","Admin02":"Saint Peter Port","Confidence":"High","Marin_Reg0":"North Atlantic Ocean","Marin_Reg1":"English Channel","SIZE":14.1413559304,"MSLT":4.94018268585,"SWHS":1.61258625984,"TIDE":7.7663035392799999,"GCL2020":"NaN","COASTSP":"Rocky"}},{"type":"Feature","id":12,"geometry":{"type":"Point","coordinates":[-5.1571478003306765,50.348684700338765]},"properties":{"FID":12,"Name":"Chapel Rock Pool","Date":"1959","CODSP":"GBR-007","Contr_Id":"GBR","Admin01":"United Kingdom","Admin02":"England","Confidence":"High","Marin_Reg0":"North Atlantic Ocean","Marin_Reg1":"Celtic Sea","SIZE":140.64394123599999,"MSLT":4.6300368309,"SWHS":1.42911458015,"TIDE":6.3479743003799998,"GCL2020":"Rocky","COASTSP":"Mixed (sandy/rocky)"}},{"type":"Feature","id":13,"geometry":{"type":"Point","coordinates":[-9.9902273997746533,54.217375399854973]},"properties":{"FID":13,"Name":"Béal an Mhuirthead Tidal Pool","Date":"1984","CODSP":"IRL-001","Contr_Id":"IRL","Admin01":"Ireland","Admin02":"Mayo","Confidence":"High","Marin_Reg0":"North Atlantic Ocean","Marin_Reg1":"North Atlantic Ocean","SIZE":2028.4013878799999,"MSLT":4.3348021507299999,"SWHS":2.11893391609,"TIDE":3.8735625743900002,"GCL2020":"Rocky","COASTSP":"Mixed (pebbly/rocky)"}},{"type":"Feature","id":14,"geometry":{"type":"Point","coordinates":[-2.6991112997465621,57.686129999699801]},"properties":{"FID":14,"Name":"Portsoy Outdoor Pool","Date":"1934","CODSP":"GBR-027","Contr_Id":"GBR","Admin01":"United Kingdom","Admin02":"Scotland","Confidence":"High","Marin_Reg0":"North Atlantic Ocean","Marin_Reg1":"North Sea","SIZE":2050.6891387000001,"MSLT":4.6613044738799996,"SWHS":1.72794270515,"TIDE":3.5592720508600002,"GCL2020":"Rocky","COASTSP":"Rocky"}},{"type":"Feature","id":15,"geometry":{"type":"Point","coordinates":[-2.1000981728923307,49.176036101584828]},"properties":{"FID":15,"Name":"Havre Des Pas Bathing Pool","Date":"1890s","CODSP":"JEY-001","Contr_Id":"JEY","Admin01":"Jersey","Admin02":"Saint Helier","Confidence":"High","Marin_Reg0":"North Atlantic Ocean","Marin_Reg1":"English Channel","SIZE":9623.5808789399998,"MSLT":4.9180126190199998,"SWHS":1.0751106739,"TIDE":9.6348638534499997,"GCL2020":"NaN","COASTSP":"Sandy"}},{"type":"Feature","id":16,"geometry":{"type":"Point","coordinates":[-5.5354608617058716,50.084575193585295]},"properties":{"FID":16,"Name":"Mousehole Rock Pool","Date":"1970","CODSP":"GBR-021","Contr_Id":"GBR","Admin01":"United Kingdom","Admin02":"England","Confidence":"High","Marin_Reg0":"North Atlantic Ocean","Marin_Reg1":"English Channel","SIZE":245.213666163,"MSLT":4.6660399437000004,"SWHS":1.98905110359,"TIDE":4.7816834449799996,"GCL2020":"Rocky","COASTSP":"Rocky"}},{"type":"Feature","id":17,"geometry":{"type":"Point","coordinates":[-5.2924845420279212,50.263123947312408]},"properties":{"FID":17,"Name":"Portreath Rock Pool","Date":"1902","CODSP":"GBR-026","Contr_Id":"GBR","Admin01":"United Kingdom","Admin02":"England","Confidence":"High","Marin_Reg0":"North Atlantic Ocean","Marin_Reg1":"Celtic Sea","SIZE":107.50266716900001,"MSLT":4.6120734214799999,"SWHS":1.42911458015,"TIDE":6.2659406661999997,"GCL2020":"Rocky","COASTSP":"Mixed (rocky/artificial)"}},{"type":"Feature","id":18,"geometry":{"type":"Point","coordinates":[-5.2972335970389963,50.261307852593177]},"properties":{"FID":18,"Name":"Lady Basset's Baths","Date":"1782","CODSP":"GBR-013","Contr_Id":"GBR","Admin01":"United Kingdom","Admin02":"England","Confidence":"High","Marin_Reg0":"North Atlantic Ocean","Marin_Reg1":"Celtic Sea","SIZE":669.762389998,"MSLT":4.6120734214799999,"SWHS":1.42911458015,"TIDE":6.2659406661999997,"GCL2020":"Rocky","COASTSP":"Rocky"}},{"type":"Feature","id":19,"geometry":{"type":"Point","coordinates":[-5.2430891979430498,50.290176342031032]},"properties":{"FID":19,"Name":"Porthtowan Tidal Pool/Rockpool","Date":"1908","CODSP":"GBR-025","Contr_Id":"GBR","Admin01":"United Kingdom","Admin02":"England","Confidence":"High","Marin_Reg0":"North Atlantic Ocean","Marin_Reg1":"Celtic Sea","SIZE":145.30234278500001,"MSLT":4.6300368309,"SWHS":1.42911458015,"TIDE":6.30592918396,"GCL2020":"Rocky","COASTSP":"Mixed (rocky/sandy)"}},{"type":"Feature","id":20,"geometry":{"type":"Point","coordinates":[1.0124025646922519,51.805634385696123]},"properties":{"FID":20,"Name":"Brightlingsea Beach Pool","Date":" ","CODSP":"GBR-002","Contr_Id":"GBR","Admin01":"United Kingdom","Admin02":"England","Confidence":"High","Marin_Reg0":"North Atlantic Ocean","Marin_Reg1":"North Sea","SIZE":4393.3244225099997,"MSLT":4.5400161743199998,"SWHS":1.24857258797,"TIDE":4.69937515259,"GCL2020":"Artificial","COASTSP":"Mixed (sandy/artificial)"}},{"type":"Feature","id":21,"geometry":{"type":"Point","coordinates":[-2.7379969372580604,56.210283197581475]},"properties":{"FID":21,"Name":"Pittenweem Tidal Pool","Date":"1890s","CODSP":"GBR-024","Contr_Id":"GBR","Admin01":"United Kingdom","Admin02":"Scotland","Confidence":"High","Marin_Reg0":"North Atlantic Ocean","Marin_Reg1":"North Sea","SIZE":1985.01988228,"MSLT":4.8158054351799997,"SWHS":1.2167122364,"TIDE":4.98268127441,"GCL2020":"Rocky","COASTSP":"Mixed (rocky/sandy)"}},{"type":"Feature","id":22,"geometry":{"type":"Point","coordinates":[-2.7887872911005616,56.341876559655418]},"properties":{"FID":22,"Name":"Castle Sands","Date":"1900s","CODSP":"GBR-005","Contr_Id":"GBR","Admin01":"United Kingdom","Admin02":"Scotland","Confidence":"High","Marin_Reg0":"North Atlantic Ocean","Marin_Reg1":"North Sea","SIZE":490.845509424,"MSLT":4.7168774604800001,"SWHS":1.2167122364,"TIDE":4.8770713806200003,"GCL2020":"Rocky","COASTSP":"Mixed (rocky/sandy)"}},{"type":"Feature","id":23,"geometry":{"type":"Point","coordinates":[-2.9897743434111135,51.352686720116196]},"properties":{"FID":23,"Name":"Marine Lake Beach","Date":"1920s","CODSP":"GBR-017","Contr_Id":"GBR","Admin01":"United Kingdom","Admin02":"England","Confidence":"High","Marin_Reg0":"North Atlantic Ocean","Marin_Reg1":"Bristol Channel","SIZE":29899.179549799999,"MSLT":4.64639377594,"SWHS":0.154212206602,"TIDE":10.959046363800001,"GCL2020":"Sandy","COASTSP":"Mixed (sandy/artificial)"}},{"type":"Feature","id":24,"geometry":{"type":"Point","coordinates":[-5.7067647402773218,50.126154142989662]},"properties":{"FID":24,"Name":"Priest Rock Pool","Date":"1950s","CODSP":"GBR-029","Contr_Id":"GBR","Admin01":"United Kingdom","Admin02":"England","Confidence":"High","Marin_Reg0":"North Atlantic Ocean","Marin_Reg1":"Celtic Sea","SIZE":103.822098271,"MSLT":4.6660399437000004,"SWHS":1.93949055672,"TIDE":5.4576725959800001,"GCL2020":"Rocky","COASTSP":"Rocky"}},{"type":"Feature","id":25,"geometry":{"type":"Point","coordinates":[-4.6993535373920281,50.691817098725949]},"properties":{"FID":25,"Name":"Boscastle Tidal Pool (Victorian Pool)","Date":" ","CODSP":"GBR-001","Contr_Id":"GBR","Admin01":"United Kingdom","Admin02":"England","Confidence":"High","Marin_Reg0":"North Atlantic Ocean","Marin_Reg1":"Celtic Sea","SIZE":88.692593902499993,"MSLT":4.7800087928800004,"SWHS":1.60221028328,"TIDE":6.8995609283399997,"GCL2020":"Rocky","COASTSP":"Rocky"}},{"type":"Feature","id":26,"geometry":{"type":"Point","coordinates":[-3.8947727717460339,51.224532178317531]},"properties":{"FID":26,"Name":"Woody Bay Tidal pool","Date":"1890s","CODSP":"GBR-053","Contr_Id":"GBR","Admin01":"United Kingdom","Admin02":"England","Confidence":"High","Marin_Reg0":"North Atlantic Ocean","Marin_Reg1":"Bristol Channel","SIZE":89.889377740599997,"MSLT":4.8225312233000004,"SWHS":0.82641273736999998,"TIDE":9.0063467025800001,"GCL2020":"Rocky","COASTSP":"Rocky"}},{"type":"Feature","id":27,"geometry":{"type":"Point","coordinates":[-3.3339256699071029,51.183282416192014]},"properties":{"FID":27,"Name":"Watchet Tidal Paddling Pool","Date":"1860s/70s","CODSP":"GBR-050","Contr_Id":"GBR","Admin01":"United Kingdom","Admin02":"England","Confidence":"High","Marin_Reg0":"North Atlantic Ocean","Marin_Reg1":"Bristol Channel","SIZE":130.633037092,"MSLT":4.8484253883399999,"SWHS":0.154212206602,"TIDE":10.4472904205,"GCL2020":"Sandy","COASTSP":"Mixed (rocky/pebbly)"}},{"type":"Feature","id":28,"geometry":{"type":"Point","coordinates":[-6.7202926668730356,55.189700196307058]},"properties":{"FID":28,"Name":"Herring Pond","Date":"1860s","CODSP":"GBR-011","Contr_Id":"GBR","Admin01":"United Kingdom","Admin02":"Northern Ireland","Confidence":"High","Marin_Reg0":"North Atlantic Ocean","Marin_Reg1":"Inner Seas off the West Coast of Scotland","SIZE":335.76112483100002,"MSLT":4.6679067611700003,"SWHS":1.67533040047,"TIDE":1.9630765914899999,"GCL2020":"Rocky","COASTSP":"Rocky"}},{"type":"Feature","id":29,"geometry":{"type":"Point","coordinates":[-4.1283718443661996,51.210429553997983]},"properties":{"FID":29,"Name":"Tunnels Beach Tidal pool","Date":"1823","CODSP":"GBR-046","Contr_Id":"GBR","Admin01":"United Kingdom","Admin02":"England","Confidence":"High","Marin_Reg0":"North Atlantic Ocean","Marin_Reg1":"Bristol Channel","SIZE":2349.7794368899999,"MSLT":4.7336421012900001,"SWHS":1.16251301765,"TIDE":8.4173927307100005,"GCL2020":"Rocky","COASTSP":"Mixed (rocky/pebbly)"}},{"type":"Feature","id":30,"geometry":{"type":"Point","coordinates":[-3.077277371253615,58.442155644767183]},"properties":{"FID":30,"Name":"North Baths","Date":"1904","CODSP":"GBR-022","Contr_Id":"GBR","Admin01":"United Kingdom","Admin02":"Scotland","Confidence":"High","Marin_Reg0":"North Atlantic Ocean","Marin_Reg1":"North Sea","SIZE":1353.2605281000001,"MSLT":4.5293087959299996,"SWHS":1.8436653614,"TIDE":3.2739052772499999,"GCL2020":"Artificial","COASTSP":"Mixed (rocky/pebbly)"}},{"type":"Feature","id":31,"geometry":{"type":"Point","coordinates":[-2.6803636304009046,56.227435593903067]},"properties":{"FID":31,"Name":"Cellardyke Tidal Pool","Date":"1930s","CODSP":"GBR-006","Contr_Id":"GBR","Admin01":"United Kingdom","Admin02":"Scotland","Confidence":"High","Marin_Reg0":"North Atlantic Ocean","Marin_Reg1":"North Sea","SIZE":3171.3908696899998,"MSLT":4.8158054351799997,"SWHS":1.2167122364,"TIDE":4.9262256622300002,"GCL2020":"Rocky","COASTSP":"Mixed (rocky/pebbly)"}},{"type":"Feature","id":32,"geometry":{"type":"Point","coordinates":[1.3736345000322103,51.387994100047763]},"properties":{"FID":32,"Name":"Margate Tidal Swimming Pool","Date":"1937","CODSP":"GBR-016","Contr_Id":"GBR","Admin01":"United Kingdom","Admin02":"England","Confidence":"High","Marin_Reg0":"North Atlantic Ocean","Marin_Reg1":"North Sea","SIZE":7150.77248349,"MSLT":3.6460609436000002,"SWHS":1.06571125984,"TIDE":4.7465300560000001,"GCL2020":"Artificial","COASTSP":"Sandy"}},{"type":"Feature","id":33,"geometry":{"type":"Point","coordinates":[-4.1612484644966798,50.361210217493294]},"properties":{"FID":33,"Name":"Devil’s Point Tidal Pool","Date":"1920s","CODSP":"GBR-010","Contr_Id":"GBR","Admin01":"United Kingdom","Admin02":"England","Confidence":"High","Marin_Reg0":"North Atlantic Ocean","Marin_Reg1":"English Channel","SIZE":312.375745548,"MSLT":5.0791325569200003,"SWHS":1.8651497364,"TIDE":4.7482199668899998,"GCL2020":"Artificial","COASTSP":"Mixed (rocky/pebbly)"}},{"type":"Feature","id":34,"geometry":{"type":"Point","coordinates":[14.504809700107728,35.915673300382593]},"properties":{"FID":34,"Name":"Fond Għadir Beach Pools","Date":" ","CODSP":"MLT-002","Contr_Id":"MLT","Admin01":"Malta","Admin02":"Eastern","Confidence":"High","Marin_Reg0":"Mediterranean region","Marin_Reg1":"Mediterranean Sea - Eastern Basin","SIZE":56.6090068313,"MSLT":4.6544017791699996,"SWHS":1.7723762989,"TIDE":0.24461394548400001,"GCL2020":"NaN","COASTSP":"Rocky"}},{"type":"Feature","id":35,"geometry":{"type":"Point","coordinates":[-5.1164510756565278,50.411977515549893]},"properties":{"FID":35,"Name":"Lewinnick Cove House Pool","Date":"1927","CODSP":"GBR-014","Contr_Id":"GBR","Admin01":"United Kingdom","Admin02":"England","Confidence":"High","Marin_Reg0":"North Atlantic Ocean","Marin_Reg1":"Celtic Sea","SIZE":108.86365873699999,"MSLT":4.6300368309,"SWHS":1.42911458015,"TIDE":6.4503569602999997,"GCL2020":"Rocky","COASTSP":"Rocky"}},{"type":"Feature","id":36,"geometry":{"type":"Point","coordinates":[-4.4351798032417946,50.360784186084913]},"properties":{"FID":36,"Name":"Millendreath Sea Pool","Date":" ","CODSP":"GBR-019","Contr_Id":"GBR","Admin01":"United Kingdom","Admin02":"England","Confidence":"High","Marin_Reg0":"North Atlantic Ocean","Marin_Reg1":"English Channel","SIZE":852.89916358300002,"MSLT":5.06275606155,"SWHS":1.8651497364,"TIDE":4.7841696739200001,"GCL2020":"Sandy","COASTSP":"Mixed (sandy/rocky)"}},{"type":"Feature","id":37,"geometry":{"type":"Point","coordinates":[-3.3337278913415958,54.974008458749665]},"properties":{"FID":37,"Name":"Powfoot swimming pond","Date":"1899","CODSP":"GBR-028","Contr_Id":"GBR","Admin01":"United Kingdom","Admin02":"Scotland","Confidence":"High","Marin_Reg0":"North Atlantic Ocean","Marin_Reg1":"Irish Sea and St. George's Channel","SIZE":651.45933109299995,"MSLT":4.7370467186000003,"SWHS":0.98306965827899995,"TIDE":5.49949932098,"GCL2020":"Muddy","COASTSP":"Sandy"}},{"type":"Feature","id":38,"geometry":{"type":"Point","coordinates":[-4.7958061377717627,55.632537227345267]},"properties":{"FID":38,"Name":"Saltcoats Tidal Pool","Date":"1907/1980s","CODSP":"GBR-030","Contr_Id":"GBR","Admin01":"United Kingdom","Admin02":"Scotland","Confidence":"High","Marin_Reg0":"North Atlantic Ocean","Marin_Reg1":"Inner Seas off the West Coast of Scotland","SIZE":13959.094534600001,"MSLT":4.9212799072299998,"SWHS":0.76175618171699999,"TIDE":3.03291988373,"GCL2020":"Sandy","COASTSP":"Mixed (rocky/pebbly)"}},{"type":"Feature","id":39,"geometry":{"type":"Point","coordinates":[151.79093099976603,-32.9295891996818]},"properties":{"FID":39,"Name":"Newcastle Ocean Baths","Date":"1920s","CODSP":"AUS-045","Contr_Id":"AUS","Admin01":"Australia","Admin02":"New South Wales","Confidence":"High","Marin_Reg0":"South Pacific Ocean","Marin_Reg1":"Tasman Sea","SIZE":5976.5506783999999,"MSLT":3.1660249233200002,"SWHS":0.87613606452899995,"TIDE":1.78142273426,"GCL2020":"Artificial","COASTSP":"Mixed (rocky/sandy)"}},{"type":"Feature","id":40,"geometry":{"type":"Point","coordinates":[151.75547220008218,-32.951755100417529]},"properties":{"FID":40,"Name":"Merewether Ocean Baths","Date":"1926-1935","CODSP":"AUS-042","Contr_Id":"AUS","Admin01":"Australia","Admin02":"New South Wales","Confidence":"High","Marin_Reg0":"South Pacific Ocean","Marin_Reg1":"Tasman Sea","SIZE":7450.8872439099996,"MSLT":3.1660249233200002,"SWHS":0.87613606452899995,"TIDE":1.7797442674599999,"GCL2020":"Artificial","COASTSP":"Mixed (rocky/sandy)"}},{"type":"Feature","id":41,"geometry":{"type":"Point","coordinates":[151.50324189989396,-33.350011699979859]},"properties":{"FID":41,"Name":"The Entrance Ocean Baths / The Grant McBride Baths","Date":"1938-1965","CODSP":"AUS-067","Contr_Id":"AUS","Admin01":"Australia","Admin02":"New South Wales","Confidence":"High","Marin_Reg0":"South Pacific Ocean","Marin_Reg1":"Tasman Sea","SIZE":1249.24557301,"MSLT":3.12480688095,"SWHS":1.06131672859,"TIDE":1.7636926174200001,"GCL2020":"Sandy","COASTSP":"Mixed (rocky/sandy)"}},{"type":"Feature","id":42,"geometry":{"type":"Point","coordinates":[151.28941960013447,-33.786302600184797]},"properties":{"FID":42,"Name":"Queenscliff Sea Pool","Date":"1937","CODSP":"AUS-058","Contr_Id":"AUS","Admin01":"Australia","Admin02":"New South Wales","Confidence":"High","Marin_Reg0":"South Pacific Ocean","Marin_Reg1":"Tasman Sea","SIZE":669.15452819400002,"MSLT":3.2987504005399999,"SWHS":1.24982380867,"TIDE":1.7382768392600001,"GCL2020":"Artificial","COASTSP":"Mixed (rocky/sandy)"}},{"type":"Feature","id":43,"geometry":{"type":"Point","coordinates":[151.29433053702473,-33.80084034340706]},"properties":{"FID":43,"Name":"Fairy Bower Sea Pool","Date":"1929","CODSP":"AUS-026","Contr_Id":"AUS","Admin01":"Australia","Admin02":"New South Wales","Confidence":"High","Marin_Reg0":"South Pacific Ocean","Marin_Reg1":"Tasman Sea","SIZE":276.31405591599997,"MSLT":3.2987504005399999,"SWHS":1.24982380867,"TIDE":1.7382768392600001,"GCL2020":"Rocky","COASTSP":"Rocky"}},{"type":"Feature","id":44,"geometry":{"type":"Point","coordinates":[151.25938960025007,-33.925685899884286]},"properties":{"FID":44,"Name":"Wylie's Baths","Date":"1907/1995","CODSP":"AUS-076","Contr_Id":"AUS","Admin01":"Australia","Admin02":"New South Wales","Confidence":"High","Marin_Reg0":"South Pacific Ocean","Marin_Reg1":"Tasman Sea","SIZE":1482.3103959,"MSLT":3.2987504005399999,"SWHS":1.24982380867,"TIDE":1.73135471344,"GCL2020":"Artificial","COASTSP":"Rocky"}},{"type":"Feature","id":45,"geometry":{"type":"Point","coordinates":[151.25454667279064,-33.968522936384318]},"properties":{"FID":45,"Name":"Malabar Ocean Pool","Date":"1909/1997","CODSP":"AUS-039","Contr_Id":"AUS","Admin01":"Australia","Admin02":"New South Wales","Confidence":"High","Marin_Reg0":"South Pacific Ocean","Marin_Reg1":"Tasman Sea","SIZE":982.69736771299995,"MSLT":3.2987504005399999,"SWHS":1.24982380867,"TIDE":1.72894275188,"GCL2020":"Rocky","COASTSP":"Rocky"}},{"type":"Feature","id":46,"geometry":{"type":"Point","coordinates":[150.93527360029645,-34.30784619964237]},"properties":{"FID":46,"Name":"Austinmer Ocean Pools","Date":"1914/1940s","CODSP":"AUS-003","Contr_Id":"AUS","Admin01":"Australia","Admin02":"New South Wales","Confidence":"High","Marin_Reg0":"South Pacific Ocean","Marin_Reg1":"Tasman Sea","SIZE":1585.4972109299999,"MSLT":2.8736906051600002,"SWHS":1.3628461360899999,"TIDE":1.7100415229799999,"GCL2020":"Artificial","COASTSP":"Mixed (rocky/sandy)"}},{"type":"Feature","id":47,"geometry":{"type":"Point","coordinates":[153.36531739997804,-29.436014600093699]},"properties":{"FID":47,"Name":"Yamba Ocean Pool","Date":"1960s","CODSP":"AUS-077","Contr_Id":"AUS","Admin01":"Australia","Admin02":"New South Wales","Confidence":"High","Marin_Reg0":"South Pacific Ocean","Marin_Reg1":"Coral Sea","SIZE":400.29313520300002,"MSLT":3.17306852341,"SWHS":1.09610676765,"TIDE":1.9258003234900001,"GCL2020":"Sandy","COASTSP":"Rocky"}},{"type":"Feature","id":48,"geometry":{"type":"Point","coordinates":[151.33209980026561,-33.637537800429072]},"properties":{"FID":48,"Name":"Avalon Rockpool","Date":"1917","CODSP":"AUS-005","Contr_Id":"AUS","Admin01":"Australia","Admin02":"New South Wales","Confidence":"High","Marin_Reg0":"South Pacific Ocean","Marin_Reg1":"Tasman Sea","SIZE":369.976187563,"MSLT":3.0997743606600001,"SWHS":1.0710417032199999,"TIDE":1.75042545795,"GCL2020":"Artificial","COASTSP":"Rocky"}},{"type":"Feature","id":49,"geometry":{"type":"Point","coordinates":[150.85752962409299,-34.668067005687703]},"properties":{"FID":49,"Name":"Kiama ocean pool / Pheasan Point baths","Date":"1870s","CODSP":"AUS-033","Contr_Id":"AUS","Admin01":"Australia","Admin02":"New South Wales","Confidence":"High","Marin_Reg0":"South Pacific Ocean","Marin_Reg1":"Tasman Sea","SIZE":1677.3283527999999,"MSLT":3.3006982803299998,"SWHS":1.4486477375,"TIDE":1.7022091150300001,"GCL2020":"Artificial","COASTSP":"Rocky"}},{"type":"Feature","id":50,"geometry":{"type":"Point","coordinates":[137.63899546688265,-35.658199166419138]},"properties":{"FID":50,"Name":"Kingscote Tidal Pool","Date":" ","CODSP":"AUS-035","Contr_Id":"AUS","Admin01":"Australia","Admin02":"South Australia","Confidence":"High","Marin_Reg0":"Indian Ocean","Marin_Reg1":"Great Australian Bight","SIZE":2106.3084315199999,"MSLT":2.7843871116600001,"SWHS":1.58170247078,"TIDE":1.7592881918000001,"GCL2020":"Artificial","COASTSP":"Artificial"}},{"type":"Feature","id":51,"geometry":{"type":"Point","coordinates":[137.74805419984148,-35.081770500108462]},"properties":{"FID":51,"Name":"Edithburgh Tidal Pool","Date":"1880s/1930","CODSP":"AUS-024","Contr_Id":"AUS","Admin01":"Australia","Admin02":"South Australia","Confidence":"High","Marin_Reg0":"Indian Ocean","Marin_Reg1":"Great Australian Bight","SIZE":248.26976259200001,"MSLT":2.9126284122500001,"SWHS":0.67569661140399995,"TIDE":2.2734439373000002,"GCL2020":"Artificial","COASTSP":"Mixed (rocky/pebbly)"}},{"type":"Feature","id":52,"geometry":{"type":"Point","coordinates":[151.32759789932356,-33.647346072862945]},"properties":{"FID":52,"Name":"Bilgola Rockpool","Date":"1960s","CODSP":"AUS-010","Contr_Id":"AUS","Admin01":"Australia","Admin02":"New South Wales","Confidence":"High","Marin_Reg0":"South Pacific Ocean","Marin_Reg1":"Tasman Sea","SIZE":1263.0290400399999,"MSLT":3.0997743606600001,"SWHS":1.0710417032199999,"TIDE":1.75042545795,"GCL2020":"Sandy","COASTSP":"Mixed (rocky/sandy)"}},{"type":"Feature","id":53,"geometry":{"type":"Point","coordinates":[151.30917729989255,-33.545786600071494]},"properties":{"FID":53,"Name":"Pearl Beach Rockpool","Date":"1920s","CODSP":"AUS-056","Contr_Id":"AUS","Admin01":"Australia","Admin02":"New South Wales","Confidence":"High","Marin_Reg0":"South Pacific Ocean","Marin_Reg1":"Tasman Sea","SIZE":267.04139141299999,"MSLT":3.0997743606600001,"SWHS":1.0710417032199999,"TIDE":1.75407934189,"GCL2020":"Artificial","COASTSP":"Mixed (rocky/sandy)"}},{"type":"Feature","id":54,"geometry":{"type":"Point","coordinates":[151.32806519964936,-33.599896699572923]},"properties":{"FID":54,"Name":"Palm Beach Rockpool","Date":"1920s","CODSP":"AUS-055","Contr_Id":"AUS","Admin01":"Australia","Admin02":"New South Wales","Confidence":"High","Marin_Reg0":"South Pacific Ocean","Marin_Reg1":"Tasman Sea","SIZE":717.74873235200005,"MSLT":3.0997743606600001,"SWHS":1.0710417032199999,"TIDE":1.7531422376600001,"GCL2020":"Artificial","COASTSP":"Rocky"}},{"type":"Feature","id":55,"geometry":{"type":"Point","coordinates":[151.30460039998866,-33.733581300336652]},"properties":{"FID":55,"Name":"Collaroy Rockpool","Date":"1926","CODSP":"AUS-022","Contr_Id":"AUS","Admin01":"Australia","Admin02":"New South Wales","Confidence":"High","Marin_Reg0":"South Pacific Ocean","Marin_Reg1":"Tasman Sea","SIZE":1635.97765327,"MSLT":3.0997743606600001,"SWHS":1.24982380867,"TIDE":1.7431622743599999,"GCL2020":"Sandy","COASTSP":"Mixed (rocky/sandy)"}},{"type":"Feature","id":56,"geometry":{"type":"Point","coordinates":[151.29910810085835,-33.755228880408538]},"properties":{"FID":56,"Name":"Dee Why Rockpool","Date":"1919/1930","CODSP":"AUS-023","Contr_Id":"AUS","Admin01":"Australia","Admin02":"New South Wales","Confidence":"High","Marin_Reg0":"South Pacific Ocean","Marin_Reg1":"Tasman Sea","SIZE":1398.15369147,"MSLT":3.2987504005399999,"SWHS":1.24982380867,"TIDE":1.7414582967800001,"GCL2020":"Artificial","COASTSP":"Rocky"}},{"type":"Feature","id":57,"geometry":{"type":"Point","coordinates":[151.29344409956559,-33.774448999621541]},"properties":{"FID":57,"Name":"South Curl Curl Rockpool","Date":"1920s","CODSP":"AUS-065","Contr_Id":"AUS","Admin01":"Australia","Admin02":"New South Wales","Confidence":"High","Marin_Reg0":"South Pacific Ocean","Marin_Reg1":"Tasman Sea","SIZE":1367.1169694499999,"MSLT":3.2987504005399999,"SWHS":1.24982380867,"TIDE":1.7414582967800001,"GCL2020":"Rocky","COASTSP":"Mixed (rocky/sandy)"}},{"type":"Feature","id":58,"geometry":{"type":"Point","coordinates":[151.2945123727477,-33.781563997680337]},"properties":{"FID":58,"Name":"Freshwater Rockpool","Date":"1925","CODSP":"AUS-029","Contr_Id":"AUS","Admin01":"Australia","Admin02":"New South Wales","Confidence":"High","Marin_Reg0":"South Pacific Ocean","Marin_Reg1":"Tasman Sea","SIZE":891.84669555999994,"MSLT":3.2987504005399999,"SWHS":1.24982380867,"TIDE":1.7414582967800001,"GCL2020":"Rocky","COASTSP":"Rocky"}},{"type":"Feature","id":59,"geometry":{"type":"Point","coordinates":[150.92652800006738,-34.339640699958295]},"properties":{"FID":59,"Name":"Bulli Rockpool","Date":"1921","CODSP":"AUS-017","Contr_Id":"AUS","Admin01":"Australia","Admin02":"New South Wales","Confidence":"High","Marin_Reg0":"South Pacific Ocean","Marin_Reg1":"Tasman Sea","SIZE":1460.0735541700001,"MSLT":2.8736906051600002,"SWHS":1.3628461360899999,"TIDE":1.7089385986300001,"GCL2020":"Rocky","COASTSP":"Mixed (sandy/rocky)"}},{"type":"Feature","id":60,"geometry":{"type":"Point","coordinates":[18.373435900246704,-33.944883699722936]},"properties":{"FID":60,"Name":"Maiden's Cove Tidal Pool (2)","Date":" ","CODSP":"ZAF-050","Contr_Id":"ZAF","Admin01":"South Africa","Admin02":"Western Cape","Confidence":"High","Marin_Reg0":"South Atlantic Ocean","Marin_Reg1":"South Atlantic Ocean","SIZE":857.09235545399997,"MSLT":3.6732182502700002,"SWHS":1.77652668953,"TIDE":1.58913254738,"GCL2020":"Rocky","COASTSP":"Mixed (rocky/sandy)"}},{"type":"Feature","id":61,"geometry":{"type":"Point","coordinates":[18.374680699554744,-33.945184000441145]},"properties":{"FID":61,"Name":"Maiden's Cove Tidal Pool (1)","Date":"1990s","CODSP":"ZAF-049","Contr_Id":"ZAF","Admin01":"South Africa","Admin02":"Western Cape","Confidence":"High","Marin_Reg0":"South Atlantic Ocean","Marin_Reg1":"South Atlantic Ocean","SIZE":321.71704381900003,"MSLT":3.6732182502700002,"SWHS":1.77652668953,"TIDE":1.58913254738,"GCL2020":"Rocky","COASTSP":"Mixed (rocky/sandy)"}},{"type":"Feature","id":62,"geometry":{"type":"Point","coordinates":[18.432359799964956,-34.162791199554135]},"properties":{"FID":62,"Name":"Glencairn Tidal Pool","Date":"1900s","CODSP":"ZAF-022","Contr_Id":"ZAF","Admin01":"South Africa","Admin02":"Western Cape","Confidence":"High","Marin_Reg0":"South Atlantic Ocean","Marin_Reg1":"South Atlantic Ocean","SIZE":1495.7840481400001,"MSLT":4.0327191352799998,"SWHS":1.96243977547,"TIDE":1.6573866605800001,"GCL2020":"Rocky","COASTSP":"Mixed (rocky/sandy)"}},{"type":"Feature","id":63,"geometry":{"type":"Point","coordinates":[18.445460199928334,-34.132635899826823]},"properties":{"FID":63,"Name":"Woolley's Tidal Pool","Date":"1913","CODSP":"ZAF-109","Contr_Id":"ZAF","Admin01":"South Africa","Admin02":"Western Cape","Confidence":"High","Marin_Reg0":"South Atlantic Ocean","Marin_Reg1":"South Atlantic Ocean","SIZE":228.816663234,"MSLT":4.0327191352799998,"SWHS":1.77652668953,"TIDE":1.6582458019299999,"GCL2020":"Rocky","COASTSP":"Rocky"}},{"type":"Feature","id":64,"geometry":{"type":"Point","coordinates":[18.452967400425337,-34.123951600086173]},"properties":{"FID":64,"Name":"Dalebrook Tidal Pool","Date":"1903/1914","CODSP":"ZAF-014","Contr_Id":"ZAF","Admin01":"South Africa","Admin02":"Western Cape","Confidence":"High","Marin_Reg0":"South Atlantic Ocean","Marin_Reg1":"South Atlantic Ocean","SIZE":857.74369872800003,"MSLT":4.0327191352799998,"SWHS":1.77652668953,"TIDE":1.65849030018,"GCL2020":"Rocky","COASTSP":"Rocky"}},{"type":"Feature","id":65,"geometry":{"type":"Point","coordinates":[18.459736899638244,-34.118821500211936]},"properties":{"FID":65,"Name":"St James Tidal Pool","Date":"1911/13","CODSP":"ZAF-087","Contr_Id":"ZAF","Admin01":"South Africa","Admin02":"Western Cape","Confidence":"High","Marin_Reg0":"South Atlantic Ocean","Marin_Reg1":"South Atlantic Ocean","SIZE":1178.7952630899999,"MSLT":4.0327191352799998,"SWHS":1.77652668953,"TIDE":1.65849030018,"GCL2020":"Rocky","COASTSP":"Mixed (rocky/sandy)"}},{"type":"Feature","id":66,"geometry":{"type":"Point","coordinates":[31.22770629990589,-29.522946300331398]},"properties":{"FID":66,"Name":"Thompson Bay Rock Pool","Date":"1960s","CODSP":"ZAF-094","Contr_Id":"ZAF","Admin01":"South Africa","Admin02":"Kwa-Zulu Natal","Confidence":"High","Marin_Reg0":"Indian Ocean","Marin_Reg1":"Indian Ocean","SIZE":2653.3921401699999,"MSLT":3.3088603019699998,"SWHS":1.57279133797,"TIDE":1.90308439732,"GCL2020":"Sandy","COASTSP":"Rocky"}},{"type":"Feature","id":67,"geometry":{"type":"Point","coordinates":[31.21667630027116,-29.544686194911947]},"properties":{"FID":67,"Name":"Rock Pool Ballito","Date":" ","CODSP":"ZAF-074","Contr_Id":"ZAF","Admin01":"South Africa","Admin02":"Kwa-Zulu Natal","Confidence":"High","Marin_Reg0":"Indian Ocean","Marin_Reg1":"Indian Ocean","SIZE":675.82223396999996,"MSLT":3.3088603019699998,"SWHS":1.57279133797,"TIDE":1.90308439732,"GCL2020":"Sandy","COASTSP":"Rocky"}},{"type":"Feature","id":68,"geometry":{"type":"Point","coordinates":[31.231604899646527,-29.514534600391471]},"properties":{"FID":68,"Name":"Chaka's Rock Tidal Pool","Date":" ","CODSP":"ZAF-012","Contr_Id":"ZAF","Admin01":"South Africa","Admin02":"Kwa-Zulu Natal","Confidence":"High","Marin_Reg0":"Indian Ocean","Marin_Reg1":"Indian Ocean","SIZE":1680.90528875,"MSLT":3.3088603019699998,"SWHS":1.57279133797,"TIDE":1.90578460693,"GCL2020":"Sandy","COASTSP":"Mixed (rocky/sandy)"}},{"type":"Feature","id":69,"geometry":{"type":"Point","coordinates":[18.377043000034462,-33.924368000083064]},"properties":{"FID":69,"Name":"Saunders' Rock Tidal Pool","Date":" ","CODSP":"ZAF-076","Contr_Id":"ZAF","Admin01":"South Africa","Admin02":"Western Cape","Confidence":"High","Marin_Reg0":"South Atlantic Ocean","Marin_Reg1":"South Atlantic Ocean","SIZE":174.262118061,"MSLT":3.6732182502700002,"SWHS":1.77652668953,"TIDE":1.58913254738,"GCL2020":"Rocky","COASTSP":"Rocky"}},{"type":"Feature","id":70,"geometry":{"type":"Point","coordinates":[-2.7162048002112442,56.060483299564794]},"properties":{"FID":70,"Name":"North Berwick tidal pool","Date":"1900","CODSP":"GBR-023","Contr_Id":"GBR","Admin01":"United Kingdom","Admin02":"Scotland","Confidence":"High","Marin_Reg0":"North Atlantic Ocean","Marin_Reg1":"North Sea","SIZE":3580.65336226,"MSLT":4.8158054351799997,"SWHS":1.2167122364,"TIDE":5.0058479309099999,"GCL2020":"Rocky","COASTSP":"Mixed (rocky/sandy)"}},{"type":"Feature","id":71,"geometry":{"type":"Point","coordinates":[151.27449759998433,-33.895176299646437]},"properties":{"FID":71,"Name":"Bondi Icebergs pool","Date":"1929/1960","CODSP":"AUS-014","Contr_Id":"AUS","Admin01":"Australia","Admin02":"New South Wales","Confidence":"High","Marin_Reg0":"South Pacific Ocean","Marin_Reg1":"Tasman Sea","SIZE":907.75117302599995,"MSLT":3.2987504005399999,"SWHS":1.24982380867,"TIDE":1.7326627969699999,"GCL2020":"Artificial","COASTSP":"Rocky"}},{"type":"Feature","id":72,"geometry":{"type":"Point","coordinates":[-15.577421399677803,28.144441499575635]},"properties":{"FID":72,"Name":"Charco de San Lorenzo","Date":" ","CODSP":"ESP-019","Contr_Id":"ESP","Admin01":"Spain","Admin02":"Canarias","Confidence":"High","Marin_Reg0":"North Atlantic Ocean","Marin_Reg1":"North Atlantic Ocean","SIZE":819.94356143200002,"MSLT":4.3259725570700001,"SWHS":1.23465657234,"TIDE":2.29822826385,"GCL2020":"NaN","COASTSP":"Mixed (rocky/pebbly)"}},{"type":"Feature","id":73,"geometry":{"type":"Point","coordinates":[-15.565528430601489,28.146139395092973]},"properties":{"FID":73,"Name":"Piscina Natural El Altillo","Date":"1954-1977","CODSP":"ESP-070","Contr_Id":"ESP","Admin01":"Spain","Admin02":"Canarias","Confidence":"High","Marin_Reg0":"North Atlantic Ocean","Marin_Reg1":"North Atlantic Ocean","SIZE":680.41779154799997,"MSLT":4.3259725570700001,"SWHS":1.23465657234,"TIDE":2.29822826385,"GCL2020":"NaN","COASTSP":"Pebbly"}},{"type":"Feature","id":74,"geometry":{"type":"Point","coordinates":[-15.59589099956986,28.145302600434661]},"properties":{"FID":74,"Name":"Charco de San Felipe","Date":"1977-1994","CODSP":"ESP-018","Contr_Id":"ESP","Admin01":"Spain","Admin02":"Canarias","Confidence":"High","Marin_Reg0":"North Atlantic Ocean","Marin_Reg1":"North Atlantic Ocean","SIZE":690.78206223699999,"MSLT":4.3259725570700001,"SWHS":1.23465657234,"TIDE":2.29916286469,"GCL2020":"NaN","COASTSP":"Mixed (artificial/pebbly)"}},{"type":"Feature","id":75,"geometry":{"type":"Point","coordinates":[-15.537629422264786,28.15103235458156]},"properties":{"FID":75,"Name":"Los Charcones","Date":"2010","CODSP":"ESP-041","Contr_Id":"ESP","Admin01":"Spain","Admin02":"Canarias","Confidence":"High","Marin_Reg0":"North Atlantic Ocean","Marin_Reg1":"North Atlantic Ocean","SIZE":8213.7806758200004,"MSLT":4.3259725570700001,"SWHS":1.23465657234,"TIDE":2.2981269359600001,"GCL2020":"NaN","COASTSP":"Rocky"}},{"type":"Feature","id":76,"geometry":{"type":"Point","coordinates":[-15.635374891449999,28.169695426689543]},"properties":{"FID":76,"Name":"Piscinas Roque Prieto","Date":"1954-1977","CODSP":"ESP-095","Contr_Id":"ESP","Admin01":"Spain","Admin02":"Canarias","Confidence":"High","Marin_Reg0":"North Atlantic Ocean","Marin_Reg1":"North Atlantic Ocean","SIZE":2181.2049274599999,"MSLT":4.3259725570700001,"SWHS":1.23465657234,"TIDE":2.3010234832799998,"GCL2020":"NaN","COASTSP":"Rocky"}},{"type":"Feature","id":77,"geometry":{"type":"Point","coordinates":[-15.66069989998033,28.161638899615639]},"properties":{"FID":77,"Name":"Piscina natural El Agujero","Date":"1970s","CODSP":"ESP-069","Contr_Id":"ESP","Admin01":"Spain","Admin02":"Canarias","Confidence":"High","Marin_Reg0":"North Atlantic Ocean","Marin_Reg1":"North Atlantic Ocean","SIZE":1487.03264395,"MSLT":4.3259725570700001,"SWHS":1.23465657234,"TIDE":2.30049920082,"GCL2020":"NaN","COASTSP":"Rocky"}},{"type":"Feature","id":78,"geometry":{"type":"Point","coordinates":[-15.663940999977058,28.159733300051812]},"properties":{"FID":78,"Name":"Piscina natural Bocabarranco","Date":"1990s","CODSP":"ESP-058","Contr_Id":"ESP","Admin01":"Spain","Admin02":"Canarias","Confidence":"High","Marin_Reg0":"North Atlantic Ocean","Marin_Reg1":"North Atlantic Ocean","SIZE":520.50145795399999,"MSLT":4.3259725570700001,"SWHS":1.23465657234,"TIDE":2.30049920082,"GCL2020":"NaN","COASTSP":"Rocky"}},{"type":"Feature","id":79,"geometry":{"type":"Point","coordinates":[-15.670042700410249,28.158642800125165]},"properties":{"FID":79,"Name":"Piscina de Dos Roques","Date":"1980s","CODSP":"ESP-045","Contr_Id":"ESP","Admin01":"Spain","Admin02":"Canarias","Confidence":"High","Marin_Reg0":"North Atlantic Ocean","Marin_Reg1":"North Atlantic Ocean","SIZE":1354.03402605,"MSLT":4.3259725570700001,"SWHS":1.23465657234,"TIDE":2.30049920082,"GCL2020":"NaN","COASTSP":"Mixed (rocky/sandy)"}},{"type":"Feature","id":80,"geometry":{"type":"Point","coordinates":[-15.673577699750979,28.16107010000519]},"properties":{"FID":80,"Name":"Piscina - Charco de La Furnia","Date":"1980s","CODSP":"ESP-042","Contr_Id":"ESP","Admin01":"Spain","Admin02":"Canarias","Confidence":"High","Marin_Reg0":"North Atlantic Ocean","Marin_Reg1":"North Atlantic Ocean","SIZE":1036.8704221600001,"MSLT":4.3259725570700001,"SWHS":1.23465657234,"TIDE":2.30049920082,"GCL2020":"NaN","COASTSP":"Rocky"}},{"type":"Feature","id":81,"geometry":{"type":"Point","coordinates":[-15.680977700160668,28.166965200084064]},"properties":{"FID":81,"Name":"Charco del Bufadero - Piscina Norte de Gáldar","Date":"1977-1994","CODSP":"ESP-020","Contr_Id":"ESP","Admin01":"Spain","Admin02":"Canarias","Confidence":"High","Marin_Reg0":"North Atlantic Ocean","Marin_Reg1":"North Atlantic Ocean","SIZE":327.717816363,"MSLT":4.3259725570700001,"SWHS":1.23465657234,"TIDE":2.30049920082,"GCL2020":"NaN","COASTSP":"Rocky"}},{"type":"Feature","id":82,"geometry":{"type":"Point","coordinates":[-15.682343999675766,28.169063199706954]},"properties":{"FID":82,"Name":"Piscina Natural de Punta de Gáldar - Charco del Romancillo","Date":"1977-1994","CODSP":"ESP-066","Contr_Id":"ESP","Admin01":"Spain","Admin02":"Canarias","Confidence":"High","Marin_Reg0":"North Atlantic Ocean","Marin_Reg1":"North Atlantic Ocean","SIZE":163.76841718899999,"MSLT":4.3259725570700001,"SWHS":1.23465657234,"TIDE":2.30049920082,"GCL2020":"NaN","COASTSP":"Rocky"}},{"type":"Feature","id":83,"geometry":{"type":"Point","coordinates":[-15.709119200190912,28.162568199662871]},"properties":{"FID":83,"Name":"Piscinas natural de Punta del Faro - Charco Playa canaria","Date":"1980s","CODSP":"ESP-091","Contr_Id":"ESP","Admin01":"Spain","Admin02":"Canarias","Confidence":"High","Marin_Reg0":"North Atlantic Ocean","Marin_Reg1":"North Atlantic Ocean","SIZE":251.714944024,"MSLT":4.3259725570700001,"SWHS":1.23465657234,"TIDE":2.30315065384,"GCL2020":"NaN","COASTSP":"Rocky"}},{"type":"Feature","id":84,"geometry":{"type":"Point","coordinates":[-15.711092235418278,28.106674439673782]},"properties":{"FID":84,"Name":"Agaete Piscina Natural","Date":"2005","CODSP":"ESP-001","Contr_Id":"ESP","Admin01":"Spain","Admin02":"Canarias","Confidence":"High","Marin_Reg0":"North Atlantic Ocean","Marin_Reg1":"North Atlantic Ocean","SIZE":1539.86299336,"MSLT":4.3259725570700001,"SWHS":1.23465657234,"TIDE":2.2585337162000001,"GCL2020":"NaN","COASTSP":"Rocky"}},{"type":"Feature","id":85,"geometry":{"type":"Point","coordinates":[-15.418658746803715,28.063672305632451]},"properties":{"FID":85,"Name":"Piscinas de La Laja (2)","Date":"2014","CODSP":"ESP-089","Contr_Id":"ESP","Admin01":"Spain","Admin02":"Canarias","Confidence":"High","Marin_Reg0":"North Atlantic Ocean","Marin_Reg1":"North Atlantic Ocean","SIZE":146105.00833099999,"MSLT":4.3063774108899997,"SWHS":1.42227864265,"TIDE":2.2634131908400001,"GCL2020":"NaN","COASTSP":"Rocky"}},{"type":"Feature","id":86,"geometry":{"type":"Point","coordinates":[-15.391601054940679,27.855437097668982]},"properties":{"FID":86,"Name":"Piscina Natural De Arinaga (En Soco Negro)","Date":"1980s","CODSP":"ESP-060","Contr_Id":"ESP","Admin01":"Spain","Admin02":"Canarias","Confidence":"High","Marin_Reg0":"North Atlantic Ocean","Marin_Reg1":"North Atlantic Ocean","SIZE":3088.3692196100001,"MSLT":4.4353938102699999,"SWHS":1.42227864265,"TIDE":2.16187596321,"GCL2020":"NaN","COASTSP":"Mixed (rocky/sandy)"}},{"type":"Feature","id":87,"geometry":{"type":"Point","coordinates":[-15.459132221075151,27.79800650909317]},"properties":{"FID":87,"Name":"Piscinas Castillo del Romeral (1)","Date":"1990s","CODSP":"ESP-083","Contr_Id":"ESP","Admin01":"Spain","Admin02":"Canarias","Confidence":"High","Marin_Reg0":"North Atlantic Ocean","Marin_Reg1":"North Atlantic Ocean","SIZE":7943.7222460399998,"MSLT":4.4353938102699999,"SWHS":1.42227864265,"TIDE":2.1017253398900002,"GCL2020":"NaN","COASTSP":"Mixed (artificial/pebbly)"}},{"type":"Feature","id":88,"geometry":{"type":"Point","coordinates":[-15.684687358922133,27.761397034137303]},"properties":{"FID":88,"Name":"Charco de Arguineguín Playa Costa Alegre","Date":"1961-1977","CODSP":"ESP-006","Contr_Id":"ESP","Admin01":"Spain","Admin02":"Canarias","Confidence":"High","Marin_Reg0":"North Atlantic Ocean","Marin_Reg1":"North Atlantic Ocean","SIZE":261.98204579600002,"MSLT":4.7565026283299998,"SWHS":1.23465657234,"TIDE":2.0859818458600001,"GCL2020":"NaN","COASTSP":"Mixed (artificial/sandy)"}},{"type":"Feature","id":89,"geometry":{"type":"Point","coordinates":[-2.4710351997146063,57.670611599745541]},"properties":{"FID":89,"Name":"Tarlair Swimming Pools","Date":"1931","CODSP":"GBR-035","Contr_Id":"GBR","Admin01":"United Kingdom","Admin02":"Scotland","Confidence":"High","Marin_Reg0":"North Atlantic Ocean","Marin_Reg1":"North Sea","SIZE":3493.4018675399998,"MSLT":4.66700696945,"SWHS":1.92826008797,"TIDE":3.4927585125,"GCL2020":"Rocky","COASTSP":"Mixed (rocky/pebbly)"}},{"type":"Feature","id":90,"geometry":{"type":"Point","coordinates":[-2.8343349837220444,48.655576141497704]},"properties":{"FID":90,"Name":"Piscine d'eau de Mer / Plage du Chatelet (2)","Date":"1928","CODSP":"FRA-007","Contr_Id":"FRA","Admin01":"France","Admin02":"Bretagne","Confidence":"High","Marin_Reg0":"North Atlantic Ocean","Marin_Reg1":"English Channel","SIZE":2256.2036732800002,"MSLT":5.4942841529799997,"SWHS":1.12796711922,"TIDE":9.8340053558299996,"GCL2020":"Sandy","COASTSP":"Mixed (rocky/sandy)"}},{"type":"Feature","id":91,"geometry":{"type":"Point","coordinates":[-117.76444049972923,33.52029639965923]},"properties":{"FID":91,"Name":"Mermaid Beach","Date":" ","CODSP":"USA-006","Contr_Id":"USA","Admin01":"United States","Admin02":"California","Confidence":"High","Marin_Reg0":"North Pacific Ocean","Marin_Reg1":"North Pacific Ocean","SIZE":0,"MSLT":4.9252548217800003,"SWHS":1.0615202188499999,"TIDE":2.4885482788100002,"GCL2020":"Artificial","COASTSP":"Mixed (rocky/sandy)"}},{"type":"Feature","id":92,"geometry":{"type":"Point","coordinates":[-117.7390011998454,33.494221000298978]},"properties":{"FID":92,"Name":"1000 Steps Beach","Date":"1935","CODSP":"USA-001","Contr_Id":"USA","Admin01":"United States","Admin02":"California","Confidence":"High","Marin_Reg0":"North Pacific Ocean","Marin_Reg1":"North Pacific Ocean","SIZE":0,"MSLT":5.3120689392099996,"SWHS":1.0615202188499999,"TIDE":2.48833227158,"GCL2020":"Artificial","COASTSP":"Sandy"}},{"type":"Feature","id":93,"geometry":{"type":"Point","coordinates":[-1.5966679484814108,48.841389847755011]},"properties":{"FID":93,"Name":"Piscine de mer de Granville","Date":"1960s","CODSP":"FRA-011","Contr_Id":"FRA","Admin01":"France","Admin02":"Normandie","Confidence":"High","Marin_Reg0":"North Atlantic Ocean","Marin_Reg1":"English Channel","SIZE":684.77764335500001,"MSLT":4.6086878776600004,"SWHS":0.59635090827899995,"TIDE":11.132525444000001,"GCL2020":"Rocky","COASTSP":"Mixed (rocky/sandy)"}},{"type":"Feature","id":94,"geometry":{"type":"Point","coordinates":[-17.947184700213654,27.8406530997608]},"properties":{"FID":94,"Name":"Pozo de las Calcosas","Date":" ","CODSP":"ESP-099","Contr_Id":"ESP","Admin01":"Spain","Admin02":"Canarias","Confidence":"High","Marin_Reg0":"North Atlantic Ocean","Marin_Reg1":"North Atlantic Ocean","SIZE":561.11732528000005,"MSLT":5.1320204734799999,"SWHS":1.75162434578,"TIDE":1.8836767673499999,"GCL2020":"NaN","COASTSP":"Rocky"}},{"type":"Feature","id":95,"geometry":{"type":"Point","coordinates":[151.78165280033659,-32.935130599997137]},"properties":{"FID":95,"Name":"Bogey Hole Baths","Date":"1819","CODSP":"AUS-013","Contr_Id":"AUS","Admin01":"Australia","Admin02":"New South Wales","Confidence":"High","Marin_Reg0":"South Pacific Ocean","Marin_Reg1":"Tasman Sea","SIZE":395.82935678600001,"MSLT":3.1660249233200002,"SWHS":0.87613606452899995,"TIDE":1.7807743549299999,"GCL2020":"Artificial","COASTSP":"Rocky"}},{"type":"Feature","id":96,"geometry":{"type":"Point","coordinates":[-65.081021255426492,-40.808940717340136]},"properties":{"FID":96,"Name":"Los Piletones, Rio negro (2)","Date":" ","CODSP":"ARG-002","Contr_Id":"ARG","Admin01":"Argentina","Admin02":"Río Negro","Confidence":"High","Marin_Reg0":"South Atlantic Ocean","Marin_Reg1":"South Atlantic Ocean","SIZE":1169.3138110299999,"MSLT":3.7646160125699999,"SWHS":0.64737629890399995,"TIDE":7.5797991752599998,"GCL2020":"Artificial","COASTSP":"Sandy"}},{"type":"Feature","id":97,"geometry":{"type":"Point","coordinates":[-106.42866360004501,23.198707799725241]},"properties":{"FID":97,"Name":"La Carpa Olivera","Date":"1914","CODSP":"MEX-008","Contr_Id":"MEX","Admin01":"Mexico","Admin02":"Sinaloa","Confidence":"High","Marin_Reg0":"North Pacific Ocean","Marin_Reg1":"North Pacific Ocean","SIZE":49.882848822100001,"MSLT":5.03249168396,"SWHS":0.60123372077899995,"TIDE":1.87443578243,"GCL2020":"Artificial","COASTSP":"Mixed (rocky/artificial)"}},{"type":"Feature","id":98,"geometry":{"type":"Point","coordinates":[18.375426400308186,-33.954808800385763]},"properties":{"FID":98,"Name":"Camps Bay Tidal Pool","Date":"1938","CODSP":"ZAF-010","Contr_Id":"ZAF","Admin01":"South Africa","Admin02":"Western Cape","Confidence":"High","Marin_Reg0":"South Atlantic Ocean","Marin_Reg1":"South Atlantic Ocean","SIZE":5016.58760239,"MSLT":3.6732182502700002,"SWHS":1.77652668953,"TIDE":1.5883485078799999,"GCL2020":"Rocky","COASTSP":"Mixed (rocky/sandy)"}},{"type":"Feature","id":99,"geometry":{"type":"Point","coordinates":[18.845799700395901,-34.139680499855046]},"properties":{"FID":99,"Name":"Harmony Park Tidal Pool","Date":"1991","CODSP":"ZAF-028","Contr_Id":"ZAF","Admin01":"South Africa","Admin02":"Western Cape","Confidence":"High","Marin_Reg0":"South Atlantic Ocean","Marin_Reg1":"South Atlantic Ocean","SIZE":7206.5206184199997,"MSLT":2.92528963089,"SWHS":1.77652668953,"TIDE":1.65083873272,"GCL2020":"Sandy","COASTSP":"Mixed (rocky/sandy)"}},{"type":"Feature","id":100,"geometry":{"type":"Point","coordinates":[18.450815699584894,-34.126340399989317]},"properties":{"FID":100,"Name":"Kalk Bay Tidal Pool","Date":"1930s","CODSP":"ZAF-038","Contr_Id":"ZAF","Admin01":"South Africa","Admin02":"Western Cape","Confidence":"High","Marin_Reg0":"South Atlantic Ocean","Marin_Reg1":"South Atlantic Ocean","SIZE":1217.1044188200001,"MSLT":4.0327191352799998,"SWHS":1.77652668953,"TIDE":1.65849030018,"GCL2020":"Rocky","COASTSP":"Rocky"}},{"type":"Feature","id":101,"geometry":{"type":"Point","coordinates":[18.386262999837697,-33.914421900250375]},"properties":{"FID":101,"Name":"Milton Tidal Pool","Date":"1910","CODSP":"ZAF-058","Contr_Id":"ZAF","Admin01":"South Africa","Admin02":"Western Cape","Confidence":"High","Marin_Reg0":"South Atlantic Ocean","Marin_Reg1":"South Atlantic Ocean","SIZE":353.97182014399999,"MSLT":3.6732182502700002,"SWHS":1.77652668953,"TIDE":1.5945239067100001,"GCL2020":"Artificial","COASTSP":"Mixed (rocky/sandy)"}},{"type":"Feature","id":102,"geometry":{"type":"Point","coordinates":[18.687490199713125,-34.074302000336957]},"properties":{"FID":102,"Name":"Monwabisi Tidal Pool","Date":"1986","CODSP":"ZAF-060","Contr_Id":"ZAF","Admin01":"South Africa","Admin02":"Western Cape","Confidence":"High","Marin_Reg0":"South Atlantic Ocean","Marin_Reg1":"South Atlantic Ocean","SIZE":31891.5093065,"MSLT":3.4523663520799999,"SWHS":1.77652668953,"TIDE":1.65476620197,"GCL2020":"Sandy","COASTSP":"Mixed (artificial/sandy)"}},{"type":"Feature","id":103,"geometry":{"type":"Point","coordinates":[18.359974399998691,-33.591407800029799]},"properties":{"FID":103,"Name":"Silwerstroom Tidal Pool","Date":" ","CODSP":"ZAF-082","Contr_Id":"ZAF","Admin01":"South Africa","Admin02":"Western Cape","Confidence":"High","Marin_Reg0":"South Atlantic Ocean","Marin_Reg1":"South Atlantic Ocean","SIZE":2304.7137752200001,"MSLT":2.9415564537000001,"SWHS":1.65116047859,"TIDE":1.5958468913999999,"GCL2020":"Sandy","COASTSP":"Mixed (rocky/sandy)"}},{"type":"Feature","id":104,"geometry":{"type":"Point","coordinates":[18.327223500364425,-34.158331799672794]},"properties":{"FID":104,"Name":"Soetwater Tidal Pool","Date":" ","CODSP":"ZAF-083","Contr_Id":"ZAF","Admin01":"South Africa","Admin02":"Western Cape","Confidence":"High","Marin_Reg0":"South Atlantic Ocean","Marin_Reg1":"South Atlantic Ocean","SIZE":1466.496361,"MSLT":4.0327191352799998,"SWHS":1.96243977547,"TIDE":1.58140075207,"GCL2020":"Rocky","COASTSP":"Mixed (rocky/sandy)"}},{"type":"Feature","id":105,"geometry":{"type":"Point","coordinates":[30.697152300238599,-30.386844999796836]},"properties":{"FID":105,"Name":"King's Tidal Pool","Date":" ","CODSP":"ZAF-041","Contr_Id":"ZAF","Admin01":"South Africa","Admin02":"Kwa-Zulu Natal","Confidence":"High","Marin_Reg0":"Indian Ocean","Marin_Reg1":"Indian Ocean","SIZE":209.35297203299999,"MSLT":3.4197978973400001,"SWHS":1.80618977547,"TIDE":1.82239329815,"GCL2020":"Sandy","COASTSP":"Mixed (sandy/rocky)"}},{"type":"Feature","id":106,"geometry":{"type":"Point","coordinates":[-2.0497844004295871,48.637108199583849]},"properties":{"FID":106,"Name":"Piscine de mer Dinard","Date":"1928","CODSP":"FRA-012","Contr_Id":"FRA","Admin01":"France","Admin02":"Bretagne","Confidence":"High","Marin_Reg0":"North Atlantic Ocean","Marin_Reg1":"English Channel","SIZE":5063.2418091700001,"MSLT":5.2643675804100001,"SWHS":0.81876301765399995,"TIDE":10.6992025375,"GCL2020":"Rocky","COASTSP":"Mixed (sandy/rocky)"}},{"type":"Feature","id":107,"geometry":{"type":"Point","coordinates":[5.5701341998334897,58.947328699759794]},"properties":{"FID":107,"Name":"Sjobadet Myklebust","Date":"2015","CODSP":"NOR-001","Contr_Id":"NOR","Admin01":"Norway","Admin02":"Rogaland","Confidence":"High","Marin_Reg0":"North Atlantic Ocean","Marin_Reg1":"North Sea","SIZE":924.93814357300005,"MSLT":4.5571856498700001,"SWHS":0.88378578424499998,"TIDE":0.47084224224100002,"GCL2020":"Sandy","COASTSP":"Rocky"}},{"type":"Feature","id":108,"geometry":{"type":"Point","coordinates":[-9.41278830013988,38.70126609985067]},"properties":{"FID":108,"Name":"Piscina Oceânica Alberto Romano","Date":"1953","CODSP":"POR-019","Contr_Id":"POR","Admin01":"Portugal","Admin02":"Lisboa","Confidence":"High","Marin_Reg0":"North Atlantic Ocean","Marin_Reg1":"North Atlantic Ocean","SIZE":3580.9467268499998,"MSLT":4.5025281906099996,"SWHS":2.1149055957799998,"TIDE":2.9326610565200002,"GCL2020":"Artificial","COASTSP":"Mixed (artificial/sandy)"}},{"type":"Feature","id":109,"geometry":{"type":"Point","coordinates":[-157.82239649969864,21.264540200070201]},"properties":{"FID":109,"Name":"Waikiki War Memorial Natatorium","Date":"1927","CODSP":"USA-014","Contr_Id":"USA","Admin01":"United States","Admin02":"Hawaii","Confidence":"High","Marin_Reg0":"North Pacific Ocean","Marin_Reg1":"North Pacific Ocean","SIZE":3733.7028337699999,"MSLT":3.6632311344100001,"SWHS":2.0028450488999998,"TIDE":0.92857146263099999,"GCL2020":"NaN","COASTSP":"Mixed (sandy/rocky)"}},{"type":"Feature","id":110,"geometry":{"type":"Point","coordinates":[-157.82468890037237,21.273723000316295]},"properties":{"FID":110,"Name":"Waikiki Beach Pool (2)","Date":" ","CODSP":"USA-013","Contr_Id":"USA","Admin01":"United States","Admin02":"Hawaii","Confidence":"High","Marin_Reg0":"North Pacific Ocean","Marin_Reg1":"North Pacific Ocean","SIZE":8735.8872500100006,"MSLT":3.6632311344100001,"SWHS":2.0028450488999998,"TIDE":0.92857146263099999,"GCL2020":"NaN","COASTSP":"Sandy"}},{"type":"Feature","id":111,"geometry":{"type":"Point","coordinates":[-17.790159999784123,28.842766400249332]},"properties":{"FID":111,"Name":"Piscinas de La Fajana","Date":"1970s","CODSP":"ESP-087","Contr_Id":"ESP","Admin01":"Spain","Admin02":"Canarias","Confidence":"High","Marin_Reg0":"North Atlantic Ocean","Marin_Reg1":"North Atlantic Ocean","SIZE":1073.84926976,"MSLT":5.0629110336299998,"SWHS":1.87381672859,"TIDE":2.0479249954199998,"GCL2020":"NaN","COASTSP":"Rocky"}},{"type":"Feature","id":112,"geometry":{"type":"Point","coordinates":[-16.331980730726116,28.566268587125592]},"properties":{"FID":112,"Name":"Piscina Natural Punta del Hidalgo - Charco del arenisco","Date":"1964-1982","CODSP":"ESP-081","Contr_Id":"ESP","Admin01":"Spain","Admin02":"Canarias","Confidence":"High","Marin_Reg0":"North Atlantic Ocean","Marin_Reg1":"North Atlantic Ocean","SIZE":1270.9046128499999,"MSLT":4.7388978004500002,"SWHS":1.52872395515,"TIDE":2.2022936344100001,"GCL2020":"NaN","COASTSP":"Mixed (rocky/pebbly)"}},{"type":"Feature","id":113,"geometry":{"type":"Point","coordinates":[-16.370292682851812,28.547147604187273]},"properties":{"FID":113,"Name":"Piscina natural de Jóver","Date":"1964-1987","CODSP":"ESP-064","Contr_Id":"ESP","Admin01":"Spain","Admin02":"Canarias","Confidence":"High","Marin_Reg0":"North Atlantic Ocean","Marin_Reg1":"North Atlantic Ocean","SIZE":620.30735600699995,"MSLT":4.7388978004500002,"SWHS":1.52872395515,"TIDE":2.1978430748000002,"GCL2020":"NaN","COASTSP":"Rocky"}},{"type":"Feature","id":114,"geometry":{"type":"Point","coordinates":[-16.424647695434771,28.503815128965016]},"properties":{"FID":114,"Name":"Piscina Natural Mesa del Mar","Date":"1960s","CODSP":"ESP-077","Contr_Id":"ESP","Admin01":"Spain","Admin02":"Canarias","Confidence":"High","Marin_Reg0":"North Atlantic Ocean","Marin_Reg1":"North Atlantic Ocean","SIZE":1398.6378095499999,"MSLT":4.7388978004500002,"SWHS":1.52872395515,"TIDE":2.18633651733,"GCL2020":"NaN","COASTSP":"Mixed (rocky/artificial)"}},{"type":"Feature","id":115,"geometry":{"type":"Point","coordinates":[-16.421387199759351,28.509554100441562]},"properties":{"FID":115,"Name":"Playa el Pris, Piscina Natural","Date":"1964-1982","CODSP":"ESP-098","Contr_Id":"ESP","Admin01":"Spain","Admin02":"Canarias","Confidence":"High","Marin_Reg0":"North Atlantic Ocean","Marin_Reg1":"North Atlantic Ocean","SIZE":1009.6734800200001,"MSLT":4.7388978004500002,"SWHS":1.52872395515,"TIDE":2.18633651733,"GCL2020":"NaN","COASTSP":"Mixed (rocky/artificial)"}},{"type":"Feature","id":116,"geometry":{"type":"Point","coordinates":[-16.536068499761427,28.417222199744856]},"properties":{"FID":116,"Name":"Piscina natural Laja de la Sal","Date":"1970s","CODSP":"ESP-075","Contr_Id":"ESP","Admin01":"Spain","Admin02":"Canarias","Confidence":"High","Marin_Reg0":"North Atlantic Ocean","Marin_Reg1":"North Atlantic Ocean","SIZE":724.96767544299996,"MSLT":4.9024639129600001,"SWHS":1.5487434864,"TIDE":2.1791336536400001,"GCL2020":"NaN","COASTSP":"Rocky"}},{"type":"Feature","id":117,"geometry":{"type":"Point","coordinates":[-16.579034627970941,28.403879976036592]},"properties":{"FID":117,"Name":"Piscina el Toscal (1)","Date":" ","CODSP":"ESP-049","Contr_Id":"ESP","Admin01":"Spain","Admin02":"Canarias","Confidence":"High","Marin_Reg0":"North Atlantic Ocean","Marin_Reg1":"North Atlantic Ocean","SIZE":1575.9343746,"MSLT":4.9024639129600001,"SWHS":1.5487434864,"TIDE":2.1748921871200002,"GCL2020":"NaN","COASTSP":"Rocky"}},{"type":"Feature","id":118,"geometry":{"type":"Point","coordinates":[-16.651859699865156,28.396295199663768]},"properties":{"FID":118,"Name":"Charco De La Laja","Date":" ","CODSP":"ESP-011","Contr_Id":"ESP","Admin01":"Spain","Admin02":"Canarias","Confidence":"High","Marin_Reg0":"North Atlantic Ocean","Marin_Reg1":"North Atlantic Ocean","SIZE":3129.5284025300002,"MSLT":4.9024639129600001,"SWHS":1.5487434864,"TIDE":2.16506457329,"GCL2020":"NaN","COASTSP":"Rocky"}},{"type":"Feature","id":119,"geometry":{"type":"Point","coordinates":[-16.766377654166433,28.373732565286559]},"properties":{"FID":119,"Name":"Piscinas Naturales \"El Caletón\" (varios)","Date":" ","CODSP":"ESP-092","Contr_Id":"ESP","Admin01":"Spain","Admin02":"Canarias","Confidence":"High","Marin_Reg0":"North Atlantic Ocean","Marin_Reg1":"North Atlantic Ocean","SIZE":637.93292694499996,"MSLT":4.8077993392899998,"SWHS":1.5487434864,"TIDE":2.1618721485100001,"GCL2020":"NaN","COASTSP":"Rocky"}},{"type":"Feature","id":120,"geometry":{"type":"Point","coordinates":[-16.84344350021729,28.241518899677658]},"properties":{"FID":120,"Name":"Piscina natural de Puerto Santiago - Charco del Roque o de Isla Cangrejo","Date":"1980s","CODSP":"ESP-065","Contr_Id":"ESP","Admin01":"Spain","Admin02":"Canarias","Confidence":"High","Marin_Reg0":"North Atlantic Ocean","Marin_Reg1":"North Atlantic Ocean","SIZE":145.750803273,"MSLT":4.9771203994800004,"SWHS":1.5487434864,"TIDE":2.0165719985999999,"GCL2020":"NaN","COASTSP":"Rocky"}},{"type":"Feature","id":121,"geometry":{"type":"Point","coordinates":[-16.837014097865961,28.207566119008902]},"properties":{"FID":121,"Name":"Piscina Natural Alcalá - Charco de Don Salvador","Date":"1980s","CODSP":"ESP-057","Contr_Id":"ESP","Admin01":"Spain","Admin02":"Canarias","Confidence":"High","Marin_Reg0":"North Atlantic Ocean","Marin_Reg1":"North Atlantic Ocean","SIZE":2938.8701553599999,"MSLT":4.9771203994800004,"SWHS":1.5487434864,"TIDE":2.0067284107200001,"GCL2020":"NaN","COASTSP":"Rocky"}},{"type":"Feature","id":122,"geometry":{"type":"Point","coordinates":[-16.834744410667497,28.20558458684053]},"properties":{"FID":122,"Name":"Piscina natural FinFloy - Charo de la Jaquita","Date":"2015","CODSP":"ESP-071","Contr_Id":"ESP","Admin01":"Spain","Admin02":"Canarias","Confidence":"High","Marin_Reg0":"North Atlantic Ocean","Marin_Reg1":"North Atlantic Ocean","SIZE":145.84989853499999,"MSLT":4.9771203994800004,"SWHS":1.5487434864,"TIDE":2.0067284107200001,"GCL2020":"NaN","COASTSP":"Rocky"}},{"type":"Feature","id":123,"geometry":{"type":"Point","coordinates":[-16.834437845730008,28.204913754866027]},"properties":{"FID":123,"Name":"Piscinas naturales Alcalá / Charco de las Damas","Date":"2013","CODSP":"ESP-093","Contr_Id":"ESP","Admin01":"Spain","Admin02":"Canarias","Confidence":"High","Marin_Reg0":"North Atlantic Ocean","Marin_Reg1":"North Atlantic Ocean","SIZE":871.74171685700003,"MSLT":4.9771203994800004,"SWHS":1.5487434864,"TIDE":2.0067284107200001,"GCL2020":"NaN","COASTSP":"Rocky"}},{"type":"Feature","id":124,"geometry":{"type":"Point","coordinates":[-16.783799700395832,28.126865799716938]},"properties":{"FID":124,"Name":"Edificios Barbados Natural Pool\u00A0 - Charco Punta de Abajo","Date":"1970s","CODSP":"ESP-037","Contr_Id":"ESP","Admin01":"Spain","Admin02":"Canarias","Confidence":"High","Marin_Reg0":"North Atlantic Ocean","Marin_Reg1":"North Atlantic Ocean","SIZE":330.10623938200001,"MSLT":4.9771203994800004,"SWHS":1.03287434578,"TIDE":1.98488843441,"GCL2020":"NaN","COASTSP":"Rocky"}},{"type":"Feature","id":125,"geometry":{"type":"Point","coordinates":[-16.736841674094933,28.056601628909732]},"properties":{"FID":125,"Name":"Charco del Guincho - El camisón","Date":"2003","CODSP":"ESP-025","Contr_Id":"ESP","Admin01":"Spain","Admin02":"Canarias","Confidence":"High","Marin_Reg0":"North Atlantic Ocean","Marin_Reg1":"North Atlantic Ocean","SIZE":22.643109062800001,"MSLT":4.8322677612299998,"SWHS":1.03287434578,"TIDE":1.96958494186,"GCL2020":"NaN","COASTSP":"Mixed (rocky/pebbly)"}},{"type":"Feature","id":126,"geometry":{"type":"Point","coordinates":[-16.461485158787525,28.121615462145314]},"properties":{"FID":126,"Name":"Piscina natural La Jaca - Charco de las islas","Date":"1987-1994","CODSP":"ESP-073","Contr_Id":"ESP","Admin01":"Spain","Admin02":"Canarias","Confidence":"High","Marin_Reg0":"North Atlantic Ocean","Marin_Reg1":"North Atlantic Ocean","SIZE":91.879942926499993,"MSLT":4.70463514328,"SWHS":1.23465657234,"TIDE":2.02345848083,"GCL2020":"NaN","COASTSP":"Mixed (rocky/pebbly)"}},{"type":"Feature","id":127,"geometry":{"type":"Point","coordinates":[-16.392490565986805,28.260075096188928]},"properties":{"FID":127,"Name":"Charco Los Barrancos","Date":"1980s","CODSP":"ESP-029","Contr_Id":"ESP","Admin01":"Spain","Admin02":"Canarias","Confidence":"High","Marin_Reg0":"North Atlantic Ocean","Marin_Reg1":"North Atlantic Ocean","SIZE":1573.86027758,"MSLT":4.5854716300999998,"SWHS":1.52872395515,"TIDE":2.0802335739100002,"GCL2020":"NaN","COASTSP":"Pebbly"}},{"type":"Feature","id":128,"geometry":{"type":"Point","coordinates":[-16.387599399792407,28.264618099745576]},"properties":{"FID":128,"Name":"Charco Punta Prieta","Date":"1964-1982","CODSP":"ESP-034","Contr_Id":"ESP","Admin01":"Spain","Admin02":"Canarias","Confidence":"High","Marin_Reg0":"North Atlantic Ocean","Marin_Reg1":"North Atlantic Ocean","SIZE":100.074879528,"MSLT":4.5854716300999998,"SWHS":1.52872395515,"TIDE":2.0802335739100002,"GCL2020":"NaN","COASTSP":"Mixed (rocky/pebbly)"}},{"type":"Feature","id":129,"geometry":{"type":"Point","coordinates":[-16.373978799581892,28.294929099998058]},"properties":{"FID":129,"Name":"Piscina La Charcada","Date":"1952-1964","CODSP":"ESP-054","Contr_Id":"ESP","Admin01":"Spain","Admin02":"Canarias","Confidence":"High","Marin_Reg0":"North Atlantic Ocean","Marin_Reg1":"North Atlantic Ocean","SIZE":168.082426849,"MSLT":4.5854716300999998,"SWHS":1.52872395515,"TIDE":2.0952091217,"GCL2020":"NaN","COASTSP":"Mixed (rocky/pebbly)"}},{"type":"Feature","id":130,"geometry":{"type":"Point","coordinates":[-16.33781509958709,28.396300000244821]},"properties":{"FID":130,"Name":"Piscina el Varadero","Date":"1964-1982","CODSP":"ESP-051","Contr_Id":"ESP","Admin01":"Spain","Admin02":"Canarias","Confidence":"High","Marin_Reg0":"North Atlantic Ocean","Marin_Reg1":"North Atlantic Ocean","SIZE":1110.32487384,"MSLT":4.5854716300999998,"SWHS":1.52872395515,"TIDE":2.1219112873100001,"GCL2020":"NaN","COASTSP":"Artificial"}},{"type":"Feature","id":131,"geometry":{"type":"Point","coordinates":[-16.330984299885415,28.401697699689237]},"properties":{"FID":131,"Name":"Piscina Natural de Tabaiba. - Charco de Tabaiba","Date":"1970s","CODSP":"ESP-067","Contr_Id":"ESP","Admin01":"Spain","Admin02":"Canarias","Confidence":"High","Marin_Reg0":"North Atlantic Ocean","Marin_Reg1":"North Atlantic Ocean","SIZE":393.132159597,"MSLT":4.5854716300999998,"SWHS":1.52872395515,"TIDE":2.1219112873100001,"GCL2020":"NaN","COASTSP":"Artificial"}},{"type":"Feature","id":132,"geometry":{"type":"Point","coordinates":[-16.323659300236443,28.578304599877356]},"properties":{"FID":132,"Name":"Charco de la Arena","Date":"1964-1982","CODSP":"ESP-009","Contr_Id":"ESP","Admin01":"Spain","Admin02":"Canarias","Confidence":"High","Marin_Reg0":"North Atlantic Ocean","Marin_Reg1":"North Atlantic Ocean","SIZE":950.37638823600003,"MSLT":4.7388978004500002,"SWHS":1.52872395515,"TIDE":2.2022936344100001,"GCL2020":"NaN","COASTSP":"Rocky"}},{"type":"Feature","id":133,"geometry":{"type":"Point","coordinates":[-16.353894087133654,28.552844902636991]},"properties":{"FID":133,"Name":"Piscinas Club Náutico de Bajamar","Date":"1960s","CODSP":"ESP-085","Contr_Id":"ESP","Admin01":"Spain","Admin02":"Canarias","Confidence":"High","Marin_Reg0":"North Atlantic Ocean","Marin_Reg1":"North Atlantic Ocean","SIZE":1892.40810096,"MSLT":4.7388978004500002,"SWHS":1.52872395515,"TIDE":2.1992812156700001,"GCL2020":"NaN","COASTSP":"Rocky"}},{"type":"Feature","id":134,"geometry":{"type":"Point","coordinates":[-8.2811032288309434,54.480682183835768]},"properties":{"FID":134,"Name":"Thrupenny Pool","Date":" ","CODSP":"IRL-005","Contr_Id":"IRL","Admin01":"Ireland","Admin02":"Ulster","Confidence":"High","Marin_Reg0":"North Atlantic Ocean","Marin_Reg1":"North Atlantic Ocean","SIZE":723.02020192199996,"MSLT":4.4172801971400002,"SWHS":1.00723958015,"TIDE":3.7975299358400001,"GCL2020":"Rocky","COASTSP":"Mixed (rocky/sandy)"}},{"type":"Feature","id":135,"geometry":{"type":"Point","coordinates":[-8.2926875961373412,54.477990440135443]},"properties":{"FID":135,"Name":"West End Pool","Date":"1910s","CODSP":"IRL-007","Contr_Id":"IRL","Admin01":"Ireland","Admin02":"Ulster","Confidence":"High","Marin_Reg0":"North Atlantic Ocean","Marin_Reg1":"North Atlantic Ocean","SIZE":345.597871027,"MSLT":4.4172801971400002,"SWHS":1.00723958015,"TIDE":3.79729533195,"GCL2020":"Rocky","COASTSP":"Rocky"}},{"type":"Feature","id":136,"geometry":{"type":"Point","coordinates":[-2.0301350389320305,48.648550615625368]},"properties":{"FID":136,"Name":"Piscine d'eau de mer de la plage Bon-secours","Date":"1936","CODSP":"FRA-008","Contr_Id":"FRA","Admin01":"France","Admin02":"Bretagne","Confidence":"High","Marin_Reg0":"North Atlantic Ocean","Marin_Reg1":"English Channel","SIZE":5111.74774454,"MSLT":5.2643675804100001,"SWHS":0.81876301765399995,"TIDE":10.6992025375,"GCL2020":"Sandy","COASTSP":"Mixed (sandy/rocky)"}},{"type":"Feature","id":137,"geometry":{"type":"Point","coordinates":[-9.4624330003825889,38.840573899665912]},"properties":{"FID":137,"Name":"Azenhas do Mar Pool","Date":"1950s","CODSP":"POR-002","Contr_Id":"POR","Admin01":"Portugal","Admin02":"Lisboa","Confidence":"High","Marin_Reg0":"North Atlantic Ocean","Marin_Reg1":"North Atlantic Ocean","SIZE":731.90720149799995,"MSLT":4.9767832755999999,"SWHS":2.1149055957799998,"TIDE":2.9887354373899999,"GCL2020":"Rocky","COASTSP":"Rocky"}},{"type":"Feature","id":138,"geometry":{"type":"Point","coordinates":[-9.3598411723590971,38.687244508260619]},"properties":{"FID":138,"Name":"Piscina natural da Praia das Avencas","Date":" ","CODSP":"POR-015","Contr_Id":"POR","Admin01":"Portugal","Admin02":"Lisboa","Confidence":"High","Marin_Reg0":"North Atlantic Ocean","Marin_Reg1":"North Atlantic Ocean","SIZE":7578.1475458599998,"MSLT":4.5025281906099996,"SWHS":2.1149055957799998,"TIDE":2.9341487884499999,"GCL2020":"Artificial","COASTSP":"Rocky"}},{"type":"Feature","id":139,"geometry":{"type":"Point","coordinates":[-8.7077688362627441,41.192836983140296]},"properties":{"FID":139,"Name":"Piscina das Marés","Date":"1967","CODSP":"POR-009","Contr_Id":"POR","Admin01":"Portugal","Admin02":"Porto","Confidence":"High","Marin_Reg0":"North Atlantic Ocean","Marin_Reg1":"North Atlantic Ocean","SIZE":1041.7258740499999,"MSLT":4.8351211547900004,"SWHS":2.2358162403100001,"TIDE":3.07222938538,"GCL2020":"Sandy","COASTSP":"Mixed (rocky/sandy)"}},{"type":"Feature","id":140,"geometry":{"type":"Point","coordinates":[-17.11096677719496,32.827758195684225]},"properties":{"FID":140,"Name":"Poça das Lesmas","Date":"1989","CODSP":"POR-040","Contr_Id":"POR","Admin01":"Portugal","Admin02":"Madeira","Confidence":"High","Marin_Reg0":"North Atlantic Ocean","Marin_Reg1":"North Atlantic Ocean","SIZE":826.10641853000004,"MSLT":5.5599308013900002,"SWHS":2.2877571582799998,"TIDE":2.2753598689999999,"GCL2020":"NaN","COASTSP":"Rocky"}},{"type":"Feature","id":141,"geometry":{"type":"Point","coordinates":[-17.110494432501753,32.826990883291444]},"properties":{"FID":141,"Name":"Poça do Mata Sete","Date":"1989","CODSP":"POR-041","Contr_Id":"POR","Admin01":"Portugal","Admin02":"Madeira","Confidence":"High","Marin_Reg0":"North Atlantic Ocean","Marin_Reg1":"North Atlantic Ocean","SIZE":1511.0974685599999,"MSLT":5.5599308013900002,"SWHS":2.2877571582799998,"TIDE":2.2753598689999999,"GCL2020":"NaN","COASTSP":"Rocky"}},{"type":"Feature","id":142,"geometry":{"type":"Point","coordinates":[-17.102787725670794,32.8232893883565]},"properties":{"FID":142,"Name":"Seixal Pool","Date":" ","CODSP":"POR-047","Contr_Id":"POR","Admin01":"Portugal","Admin02":"Madeira","Confidence":"High","Marin_Reg0":"North Atlantic Ocean","Marin_Reg1":"North Atlantic Ocean","SIZE":5899.0725015099997,"MSLT":5.5599308013900002,"SWHS":2.2877571582799998,"TIDE":2.2753598689999999,"GCL2020":"NaN","COASTSP":"Mixed (rocky/artificial)"}},{"type":"Feature","id":143,"geometry":{"type":"Point","coordinates":[-16.947994450317083,32.635277698433867]},"properties":{"FID":143,"Name":"Piscinas naturais do cavacas","Date":" ","CODSP":"POR-030","Contr_Id":"POR","Admin01":"Portugal","Admin02":"Madeira","Confidence":"High","Marin_Reg0":"North Atlantic Ocean","Marin_Reg1":"North Atlantic Ocean","SIZE":514.37332964100005,"MSLT":4.9652495384200002,"SWHS":1.93082356453,"TIDE":2.17893123627,"GCL2020":"NaN","COASTSP":"Rocky"}},{"type":"Feature","id":144,"geometry":{"type":"Point","coordinates":[14.503859399991427,35.916512500051965]},"properties":{"FID":144,"Name":"Roman baths","Date":"1907","CODSP":"MLT-004","Contr_Id":"MLT","Admin01":"Malta","Admin02":"Eastern","Confidence":"High","Marin_Reg0":"Mediterranean region","Marin_Reg1":"Mediterranean Sea - Eastern Basin","SIZE":311.58606395700002,"MSLT":4.6544017791699996,"SWHS":1.7723762989,"TIDE":0.24461394548400001,"GCL2020":"NaN","COASTSP":"Rocky"}},{"type":"Feature","id":145,"geometry":{"type":"Point","coordinates":[13.544592944654255,45.340451766019726]},"properties":{"FID":145,"Name":"Meerwasser Pool","Date":" ","CODSP":"HRV-002","Contr_Id":"HRV","Admin01":"Croatia","Admin02":"Istria","Confidence":"High","Marin_Reg0":"Mediterranean region","Marin_Reg1":"Adriatic Sea","SIZE":362.71352308399997,"MSLT":3.2661139965100001,"SWHS":0.80045247077899995,"TIDE":1.1627620458600001,"GCL2020":"Sandy","COASTSP":"Mixed (artificial/sandy)"}},{"type":"Feature","id":146,"geometry":{"type":"Point","coordinates":[18.118152485135113,42.641139413947542]},"properties":{"FID":146,"Name":"Hotel Excelsior Pool","Date":" ","CODSP":"HRV-001","Contr_Id":"HRV","Admin01":"Croatia","Admin02":"Dubrovnik-Neretva","Confidence":"High","Marin_Reg0":"Mediterranean region","Marin_Reg1":"Adriatic Sea","SIZE":72.916398259700003,"MSLT":3.3906898498500002,"SWHS":0.71482002735100003,"TIDE":0.43654263019599998,"GCL2020":"Artificial","COASTSP":"Mixed (artificial/rocky)"}},{"type":"Feature","id":147,"geometry":{"type":"Point","coordinates":[-3.8975891523534187,50.279128697038232]},"properties":{"FID":147,"Name":"Burgh Island Hotel Pool","Date":"1930s","CODSP":"GBR-004","Contr_Id":"GBR","Admin01":"United Kingdom","Admin02":"England","Confidence":"High","Marin_Reg0":"North Atlantic Ocean","Marin_Reg1":"English Channel","SIZE":1321.35262633,"MSLT":4.8165016174300002,"SWHS":1.38321614265,"TIDE":4.6894559860199996,"GCL2020":"Rocky","COASTSP":"Mixed (rocky/sandy)"}},{"type":"Feature","id":148,"geometry":{"type":"Point","coordinates":[-25.014020199872277,36.939388999902519]},"properties":{"FID":148,"Name":"Piscina da Maia","Date":"1983","CODSP":"POR-008","Contr_Id":"POR","Admin01":"Portugal","Admin02":"Azores","Confidence":"High","Marin_Reg0":"North Atlantic Ocean","Marin_Reg1":"North Atlantic Ocean","SIZE":1174.9165373400001,"MSLT":5.9458594322199998,"SWHS":2.81058430672,"TIDE":1.5147703885999999,"GCL2020":"NaN","COASTSP":"Rocky"}},{"type":"Feature","id":149,"geometry":{"type":"Point","coordinates":[-2.3815501542161996,43.310205593713306]},"properties":{"FID":149,"Name":"Piscina natural Mutrik (1)","Date":"2011","CODSP":"ESP-078","Contr_Id":"ESP","Admin01":"Spain","Admin02":"País Vasco/Euskadi","Confidence":"High","Marin_Reg0":"North Atlantic Ocean","Marin_Reg1":"Bay of Biscay","SIZE":1338.20086773,"MSLT":5.06772947311,"SWHS":1.33512043953,"TIDE":3.8336017131800002,"GCL2020":"Artificial","COASTSP":"Artificial"}},{"type":"Feature","id":150,"geometry":{"type":"Point","coordinates":[-2.3790408775960827,43.311916407208798]},"properties":{"FID":150,"Name":"Piscina natural Mutrik (2)","Date":"2011","CODSP":"ESP-079","Contr_Id":"ESP","Admin01":"Spain","Admin02":"País Vasco/Euskadi","Confidence":"High","Marin_Reg0":"North Atlantic Ocean","Marin_Reg1":"Bay of Biscay","SIZE":255.02259108800001,"MSLT":5.06772947311,"SWHS":1.33512043953,"TIDE":3.8336017131800002,"GCL2020":"Artificial","COASTSP":"Artificial"}},{"type":"Feature","id":151,"geometry":{"type":"Point","coordinates":[-6.94833573930282,43.571217112679562]},"properties":{"FID":151,"Name":"Piscina Tapia de Casariego","Date":"2010","CODSP":"ESP-082","Contr_Id":"ESP","Admin01":"Spain","Admin02":"Principado de Asturias","Confidence":"High","Marin_Reg0":"North Atlantic Ocean","Marin_Reg1":"Bay of Biscay","SIZE":592.64582635399995,"MSLT":4.3712792396499998,"SWHS":1.20584797859,"TIDE":3.6454272270199999,"GCL2020":"Rocky","COASTSP":"Rocky"}},{"type":"Feature","id":152,"geometry":{"type":"Point","coordinates":[-28.775265494492203,38.564277277424253]},"properties":{"FID":152,"Name":"Piscinas Naturais do Varadouro","Date":" ","CODSP":"POR-031","Contr_Id":"POR","Admin01":"Portugal","Admin02":"Azores","Confidence":"High","Marin_Reg0":"North Atlantic Ocean","Marin_Reg1":"North Atlantic Ocean","SIZE":177.17826854099999,"MSLT":5.3522205352799999,"SWHS":2.86429524422,"TIDE":1.27381396294,"GCL2020":"NaN","COASTSP":"Rocky"}},{"type":"Feature","id":153,"geometry":{"type":"Point","coordinates":[-28.316752325340758,38.524269428546859]},"properties":{"FID":153,"Name":"Piscina Cais do Pico","Date":" ","CODSP":"POR-007","Contr_Id":"POR","Admin01":"Portugal","Admin02":"Azores","Confidence":"High","Marin_Reg0":"North Atlantic Ocean","Marin_Reg1":"North Atlantic Ocean","SIZE":500.54977880000001,"MSLT":5.5405673980700003,"SWHS":2.1417610645299998,"TIDE":1.3623404502900001,"GCL2020":"NaN","COASTSP":"Rocky"}},{"type":"Feature","id":154,"geometry":{"type":"Point","coordinates":[30.382463799764707,-30.855125599966414]},"properties":{"FID":154,"Name":"Lucien Tidal Pool","Date":" ","CODSP":"ZAF-047","Contr_Id":"ZAF","Admin01":"South Africa","Admin02":"Kwa-Zulu Natal","Confidence":"High","Marin_Reg0":"Indian Ocean","Marin_Reg1":"Indian Ocean","SIZE":603.182055816,"MSLT":3.8067326545700002,"SWHS":1.84049153328,"TIDE":1.7994748354000001,"GCL2020":"Rocky","COASTSP":"Mixed (rocky/sandy)"}},{"type":"Feature","id":155,"geometry":{"type":"Point","coordinates":[30.396739199954141,-30.834256699686819]},"properties":{"FID":155,"Name":"Uvongo Tidal Pool","Date":" ","CODSP":"ZAF-101","Contr_Id":"ZAF","Admin01":"South Africa","Admin02":"Kwa-Zulu Natal","Confidence":"High","Marin_Reg0":"Indian Ocean","Marin_Reg1":"Indian Ocean","SIZE":571.80099467800005,"MSLT":3.8067326545700002,"SWHS":1.84049153328,"TIDE":1.80224716663,"GCL2020":"Rocky","COASTSP":"Rocky"}},{"type":"Feature","id":156,"geometry":{"type":"Point","coordinates":[30.406098299696964,-30.820892899987257]},"properties":{"FID":156,"Name":"St Michael's tidal pool","Date":" ","CODSP":"ZAF-088","Contr_Id":"ZAF","Admin01":"South Africa","Admin02":"Kwa-Zulu Natal","Confidence":"High","Marin_Reg0":"Indian Ocean","Marin_Reg1":"Indian Ocean","SIZE":919.48074784799996,"MSLT":3.8067326545700002,"SWHS":1.84049153328,"TIDE":1.80224716663,"GCL2020":"Rocky","COASTSP":"Rocky"}},{"type":"Feature","id":157,"geometry":{"type":"Point","coordinates":[30.41315829971586,-30.808747499997082]},"properties":{"FID":157,"Name":"Shelley Beach Tidal Pool","Date":"1930s","CODSP":"ZAF-079","Contr_Id":"ZAF","Admin01":"South Africa","Admin02":"Kwa-Zulu Natal","Confidence":"High","Marin_Reg0":"Indian Ocean","Marin_Reg1":"Indian Ocean","SIZE":744.65535813400004,"MSLT":3.8067326545700002,"SWHS":1.84049153328,"TIDE":1.80375742912,"GCL2020":"Sandy","COASTSP":"Mixed (rocky/sandy)"}},{"type":"Feature","id":158,"geometry":{"type":"Point","coordinates":[30.421432600334413,-30.79479389971857]},"properties":{"FID":158,"Name":"Shelley Pool","Date":" ","CODSP":"ZAF-081","Contr_Id":"ZAF","Admin01":"South Africa","Admin02":"Kwa-Zulu Natal","Confidence":"High","Marin_Reg0":"Indian Ocean","Marin_Reg1":"Indian Ocean","SIZE":176.95440738799999,"MSLT":3.8067326545700002,"SWHS":1.84049153328,"TIDE":1.8039529323600001,"GCL2020":"Sandy","COASTSP":"Mixed (rocky/sandy)"}},{"type":"Feature","id":159,"geometry":{"type":"Point","coordinates":[30.349410299845545,-30.891048799662315]},"properties":{"FID":159,"Name":"Ramsgate Beach Tidal Pool","Date":"1973","CODSP":"ZAF-073","Contr_Id":"ZAF","Admin01":"South Africa","Admin02":"Kwa-Zulu Natal","Confidence":"High","Marin_Reg0":"Indian Ocean","Marin_Reg1":"Indian Ocean","SIZE":524.30637176899995,"MSLT":3.8067326545700002,"SWHS":1.84049153328,"TIDE":1.7973411083199999,"GCL2020":"Sandy","COASTSP":"Mixed (rocky/sandy)"}},{"type":"Feature","id":160,"geometry":{"type":"Point","coordinates":[30.333882600002141,-30.910730500412171]},"properties":{"FID":160,"Name":"SouthBroom Tidal Pool","Date":" ","CODSP":"ZAF-085","Contr_Id":"ZAF","Admin01":"South Africa","Admin02":"Kwa-Zulu Natal","Confidence":"High","Marin_Reg0":"Indian Ocean","Marin_Reg1":"Indian Ocean","SIZE":293.97400167199999,"MSLT":3.8067326545700002,"SWHS":1.84049153328,"TIDE":1.7973411083199999,"GCL2020":"Sandy","COASTSP":"Mixed (rocky/sandy)"}},{"type":"Feature","id":161,"geometry":{"type":"Point","coordinates":[30.332408399827898,-30.91421600016821]},"properties":{"FID":161,"Name":"Granny’s Tidal Pool","Date":"1930s","CODSP":"ZAF-026","Contr_Id":"ZAF","Admin01":"South Africa","Admin02":"Kwa-Zulu Natal","Confidence":"High","Marin_Reg0":"Indian Ocean","Marin_Reg1":"Indian Ocean","SIZE":605.80976068400003,"MSLT":3.8067326545700002,"SWHS":1.84049153328,"TIDE":1.7973411083199999,"GCL2020":"Sandy","COASTSP":"Mixed (rocky/sandy)"}},{"type":"Feature","id":162,"geometry":{"type":"Point","coordinates":[30.305062600158976,-30.941171199990833]},"properties":{"FID":162,"Name":"Marina Beach Tidal Pool","Date":" ","CODSP":"ZAF-054","Contr_Id":"ZAF","Admin01":"South Africa","Admin02":"Kwa-Zulu Natal","Confidence":"High","Marin_Reg0":"Indian Ocean","Marin_Reg1":"Indian Ocean","SIZE":651.94881485899998,"MSLT":3.8067326545700002,"SWHS":1.84049153328,"TIDE":1.79526853561,"GCL2020":"Sandy","COASTSP":"Mixed (rocky/sandy)"}},{"type":"Feature","id":163,"geometry":{"type":"Point","coordinates":[30.277101200160359,-30.987873799636077]},"properties":{"FID":163,"Name":"Palm Beach Tidal Pool","Date":" ","CODSP":"ZAF-067","Contr_Id":"ZAF","Admin01":"South Africa","Admin02":"Kwa-Zulu Natal","Confidence":"High","Marin_Reg0":"Indian Ocean","Marin_Reg1":"Indian Ocean","SIZE":751.35327409000001,"MSLT":3.8067326545700002,"SWHS":1.84049153328,"TIDE":1.7930550575299999,"GCL2020":"Sandy","COASTSP":"Mixed (rocky/sandy)"}},{"type":"Feature","id":164,"geometry":{"type":"Point","coordinates":[22.548777299732649,-34.005626900061372]},"properties":{"FID":164,"Name":"Bramwell Butler Pier Tidal Pool","Date":" ","CODSP":"ZAF-006","Contr_Id":"ZAF","Admin01":"South Africa","Admin02":"Western Cape","Confidence":"High","Marin_Reg0":"Indian Ocean","Marin_Reg1":"Indian Ocean","SIZE":296.354997067,"MSLT":3.4190106391900001,"SWHS":1.92671394348,"TIDE":1.9164321422599999,"GCL2020":"Rocky","COASTSP":"Mixed (rocky/pebbly)"}},{"type":"Feature","id":165,"geometry":{"type":"Point","coordinates":[22.388977599936311,-34.055575500109171]},"properties":{"FID":165,"Name":"Herolds Bay Tidal Pool (1)","Date":"1935","CODSP":"ZAF-030","Contr_Id":"ZAF","Admin01":"South Africa","Admin02":"Western Cape","Confidence":"High","Marin_Reg0":"Indian Ocean","Marin_Reg1":"Indian Ocean","SIZE":2981.0455502099999,"MSLT":3.1956613063799999,"SWHS":1.8580697774899999,"TIDE":1.93613994122,"GCL2020":"Rocky","COASTSP":"Mixed (rocky/sandy)"}},{"type":"Feature","id":166,"geometry":{"type":"Point","coordinates":[22.386940100405411,-34.055697299790495]},"properties":{"FID":166,"Name":"Herolds Bay Tidal Pool (2) (Skulpieshoek)","Date":" ","CODSP":"ZAF-031","Contr_Id":"ZAF","Admin01":"South Africa","Admin02":"Western Cape","Confidence":"High","Marin_Reg0":"Indian Ocean","Marin_Reg1":"Indian Ocean","SIZE":601.01008030399998,"MSLT":3.1956613063799999,"SWHS":1.8580697774899999,"TIDE":1.93613994122,"GCL2020":"Rocky","COASTSP":"Mixed (rocky/sandy)"}},{"type":"Feature","id":167,"geometry":{"type":"Point","coordinates":[22.157787099994835,-34.183105100320006]},"properties":{"FID":167,"Name":"Mossel Bay Paddling Pool","Date":" ","CODSP":"ZAF-062","Contr_Id":"ZAF","Admin01":"South Africa","Admin02":"Western Cape","Confidence":"High","Marin_Reg0":"Indian Ocean","Marin_Reg1":"Indian Ocean","SIZE":760.31918327599999,"MSLT":2.9520134925799999,"SWHS":1.87894368172,"TIDE":1.95726180077,"GCL2020":"Rocky","COASTSP":"Mixed (rocky/sandy)"}},{"type":"Feature","id":168,"geometry":{"type":"Point","coordinates":[19.246050700379669,-34.418074400413218]},"properties":{"FID":168,"Name":"Hermanus Tidal Pool","Date":"1902","CODSP":"ZAF-029","Contr_Id":"ZAF","Admin01":"South Africa","Admin02":"Western Cape","Confidence":"High","Marin_Reg0":"South Atlantic Ocean","Marin_Reg1":"South Atlantic Ocean","SIZE":2442.6938115900002,"MSLT":3.8014996051800001,"SWHS":1.9694792032199999,"TIDE":1.6350719928699999,"GCL2020":"Rocky","COASTSP":"Rocky"}},{"type":"Feature","id":169,"geometry":{"type":"Point","coordinates":[19.235812599671817,-34.422661299879053]},"properties":{"FID":169,"Name":"Fick-se-Poel","Date":"1930s","CODSP":"ZAF-018","Contr_Id":"ZAF","Admin01":"South Africa","Admin02":"Western Cape","Confidence":"High","Marin_Reg0":"South Atlantic Ocean","Marin_Reg1":"South Atlantic Ocean","SIZE":428.33731369399999,"MSLT":3.8014996051800001,"SWHS":1.9694792032199999,"TIDE":1.6350719928699999,"GCL2020":"Rocky","COASTSP":"Rocky"}},{"type":"Feature","id":170,"geometry":{"type":"Point","coordinates":[19.163197971420118,-34.418931696288666]},"properties":{"FID":170,"Name":"Jan Rabie Tidal Pool","Date":" ","CODSP":"ZAF-036","Contr_Id":"ZAF","Admin01":"South Africa","Admin02":"Western Cape","Confidence":"High","Marin_Reg0":"South Atlantic Ocean","Marin_Reg1":"South Atlantic Ocean","SIZE":186.886500748,"MSLT":3.8014996051800001,"SWHS":1.9694792032199999,"TIDE":1.63274765015,"GCL2020":"Rocky","COASTSP":"Rocky"}},{"type":"Feature","id":171,"geometry":{"type":"Point","coordinates":[30.634376099677411,-30.491374700382096]},"properties":{"FID":171,"Name":"Mtwalume Tidal pool","Date":" ","CODSP":"ZAF-063","Contr_Id":"ZAF","Admin01":"South Africa","Admin02":"Kwa-Zulu Natal","Confidence":"High","Marin_Reg0":"Indian Ocean","Marin_Reg1":"Indian Ocean","SIZE":1061.6540698599999,"MSLT":3.4197978973400001,"SWHS":1.80618977547,"TIDE":1.81791245937,"GCL2020":"Sandy","COASTSP":"Mixed (rocky/sandy)"}},{"type":"Feature","id":172,"geometry":{"type":"Point","coordinates":[30.505749799613739,-30.681964800235278]},"properties":{"FID":172,"Name":"Southport Tidal Pool","Date":" ","CODSP":"ZAF-086","Contr_Id":"ZAF","Admin01":"South Africa","Admin02":"Kwa-Zulu Natal","Confidence":"High","Marin_Reg0":"Indian Ocean","Marin_Reg1":"Indian Ocean","SIZE":435.38146993499998,"MSLT":3.6854782104499999,"SWHS":1.98770833015,"TIDE":1.8082050085100001,"GCL2020":"Sandy","COASTSP":"Mixed (rocky/sandy)"}},{"type":"Feature","id":173,"geometry":{"type":"Point","coordinates":[30.369771999578234,-30.870205899682503]},"properties":{"FID":173,"Name":"Margate Tidal Pool","Date":"1960s","CODSP":"ZAF-053","Contr_Id":"ZAF","Admin01":"South Africa","Admin02":"Kwa-Zulu Natal","Confidence":"High","Marin_Reg0":"Indian Ocean","Marin_Reg1":"Indian Ocean","SIZE":578.21988476199999,"MSLT":3.8067326545700002,"SWHS":1.84049153328,"TIDE":1.7994748354000001,"GCL2020":"Rocky","COASTSP":"Mixed (rocky/sandy)"}},{"type":"Feature","id":174,"geometry":{"type":"Point","coordinates":[22.184606700039296,-34.074026699872263]},"properties":{"FID":174,"Name":"Tergniet Reebok Getyopel Tidal Pool","Date":" ","CODSP":"ZAF-093","Contr_Id":"ZAF","Admin01":"South Africa","Admin02":"Western Cape","Confidence":"High","Marin_Reg0":"Indian Ocean","Marin_Reg1":"Indian Ocean","SIZE":1835.75836316,"MSLT":2.9520134925799999,"SWHS":1.8580697774899999,"TIDE":1.95190966129,"GCL2020":"Sandy","COASTSP":"Mixed (rocky/sandy)"}},{"type":"Feature","id":175,"geometry":{"type":"Point","coordinates":[20.012503599661443,-34.827899799635929]},"properties":{"FID":175,"Name":"L'Agulhas tidal pool (1)","Date":" ","CODSP":"ZAF-045","Contr_Id":"ZAF","Admin01":"South Africa","Admin02":"Western Cape","Confidence":"High","Marin_Reg0":"Indian Ocean","Marin_Reg1":"Indian Ocean","SIZE":178.37424626999999,"MSLT":3.74072098732,"SWHS":1.95621418953,"TIDE":1.8071993589399999,"GCL2020":"Rocky","COASTSP":"Rocky"}},{"type":"Feature","id":176,"geometry":{"type":"Point","coordinates":[19.352458900358101,-34.61843030041797]},"properties":{"FID":176,"Name":"Kleinbaai Tidal Pool","Date":" ","CODSP":"ZAF-042","Contr_Id":"ZAF","Admin01":"South Africa","Admin02":"Western Cape","Confidence":"High","Marin_Reg0":"South Atlantic Ocean","Marin_Reg1":"South Atlantic Ocean","SIZE":1390.63527505,"MSLT":3.9321784973099998,"SWHS":1.9694792032199999,"TIDE":1.64917099476,"GCL2020":"Rocky","COASTSP":"Rocky"}},{"type":"Feature","id":177,"geometry":{"type":"Point","coordinates":[153.10152550459838,-30.376652228517571]},"properties":{"FID":177,"Name":"Sawtell Memorial Rock Pool","Date":"1963","CODSP":"AUS-061","Contr_Id":"AUS","Admin01":"Australia","Admin02":"New South Wales","Confidence":"High","Marin_Reg0":"South Pacific Ocean","Marin_Reg1":"Tasman Sea","SIZE":583.06241675000001,"MSLT":2.9783864021299999,"SWHS":1.20926594734,"TIDE":1.8759280443199999,"GCL2020":"Sandy","COASTSP":"Mixed (rocky/sandy)"}},{"type":"Feature","id":178,"geometry":{"type":"Point","coordinates":[152.54550899984054,-32.070545599999377]},"properties":{"FID":178,"Name":"Black Head Rock Pool","Date":"1940","CODSP":"AUS-011","Contr_Id":"AUS","Admin01":"Australia","Admin02":"New South Wales","Confidence":"High","Marin_Reg0":"South Pacific Ocean","Marin_Reg1":"Tasman Sea","SIZE":387.35175787700001,"MSLT":4.1649055481000001,"SWHS":1.26016926765,"TIDE":1.84575212002,"GCL2020":"Sandy","COASTSP":"Mixed (rocky/sandy)"}},{"type":"Feature","id":179,"geometry":{"type":"Point","coordinates":[152.51470600028199,-32.178210699664021]},"properties":{"FID":179,"Name":"Forster Ocean Baths","Date":"1930s","CODSP":"AUS-028","Contr_Id":"AUS","Admin01":"Australia","Admin02":"New South Wales","Confidence":"High","Marin_Reg0":"South Pacific Ocean","Marin_Reg1":"Tasman Sea","SIZE":3487.2365808700001,"MSLT":4.1649055481000001,"SWHS":1.36466145515,"TIDE":1.84353756905,"GCL2020":"Sandy","COASTSP":"Mixed (rocky/sandy)"}},{"type":"Feature","id":180,"geometry":{"type":"Point","coordinates":[151.7897336001256,-32.930166499684105]},"properties":{"FID":180,"Name":"Newcastle Canoe Pool","Date":"1937","CODSP":"AUS-044","Contr_Id":"AUS","Admin01":"Australia","Admin02":"New South Wales","Confidence":"High","Marin_Reg0":"South Pacific Ocean","Marin_Reg1":"Tasman Sea","SIZE":417.80140512700001,"MSLT":3.1660249233200002,"SWHS":0.87613606452899995,"TIDE":1.78142273426,"GCL2020":"Artificial","COASTSP":"Mixed (rocky/sandy)"}},{"type":"Feature","id":181,"geometry":{"type":"Point","coordinates":[151.44690540006434,-33.447831899622429]},"properties":{"FID":181,"Name":"Terrigal Ocean Pool","Date":"1950s","CODSP":"AUS-066","Contr_Id":"AUS","Admin01":"Australia","Admin02":"New South Wales","Confidence":"High","Marin_Reg0":"South Pacific Ocean","Marin_Reg1":"Tasman Sea","SIZE":255.08785690900001,"MSLT":5.1484642028799996,"SWHS":1.0710417032199999,"TIDE":1.7590817213100001,"GCL2020":"Sandy","COASTSP":"Mixed (sandy/rocky)"}},{"type":"Feature","id":182,"geometry":{"type":"Point","coordinates":[151.42583820017285,-33.500961499773325]},"properties":{"FID":182,"Name":"MacMasters Beach Rockpool","Date":"1960s/1980","CODSP":"AUS-037","Contr_Id":"AUS","Admin01":"Australia","Admin02":"New South Wales","Confidence":"High","Marin_Reg0":"South Pacific Ocean","Marin_Reg1":"Tasman Sea","SIZE":462.89875494500001,"MSLT":3.0997743606600001,"SWHS":1.0710417032199999,"TIDE":1.7572298049899999,"GCL2020":"Rocky","COASTSP":"Mixed (rocky/sandy)"}},{"type":"Feature","id":183,"geometry":{"type":"Point","coordinates":[151.33242970037054,-33.613544899977057]},"properties":{"FID":183,"Name":"Whale Beach Rockpool","Date":"1930s","CODSP":"AUS-071","Contr_Id":"AUS","Admin01":"Australia","Admin02":"New South Wales","Confidence":"High","Marin_Reg0":"South Pacific Ocean","Marin_Reg1":"Tasman Sea","SIZE":315.07534819099999,"MSLT":3.0997743606600001,"SWHS":1.0710417032199999,"TIDE":1.7531422376600001,"GCL2020":"Artificial","COASTSP":"Mixed (rocky/sandy)"}},{"type":"Feature","id":184,"geometry":{"type":"Point","coordinates":[151.30191350000814,-33.767592900192085]},"properties":{"FID":184,"Name":"North Curl Curl Rockpool","Date":"1930s","CODSP":"AUS-050","Contr_Id":"AUS","Admin01":"Australia","Admin02":"New South Wales","Confidence":"High","Marin_Reg0":"South Pacific Ocean","Marin_Reg1":"Tasman Sea","SIZE":789.77512445100001,"MSLT":3.2987504005399999,"SWHS":1.24982380867,"TIDE":1.7414582967800001,"GCL2020":"Artificial","COASTSP":"Rocky"}},{"type":"Feature","id":185,"geometry":{"type":"Point","coordinates":[151.30930879966149,-33.703444100364891]},"properties":{"FID":185,"Name":"North Narrabeen Rockpool","Date":"1930s","CODSP":"AUS-051","Contr_Id":"AUS","Admin01":"Australia","Admin02":"New South Wales","Confidence":"High","Marin_Reg0":"South Pacific Ocean","Marin_Reg1":"Tasman Sea","SIZE":2646.9867852699999,"MSLT":3.0997743606600001,"SWHS":1.24982380867,"TIDE":1.74422025681,"GCL2020":"Sandy","COASTSP":"Mixed (rocky/sandy)"}},{"type":"Feature","id":186,"geometry":{"type":"Point","coordinates":[151.31658689966571,-33.678694299901963]},"properties":{"FID":186,"Name":"Mona Vale Rockpool","Date":"1930s","CODSP":"AUS-043","Contr_Id":"AUS","Admin01":"Australia","Admin02":"New South Wales","Confidence":"High","Marin_Reg0":"South Pacific Ocean","Marin_Reg1":"Tasman Sea","SIZE":674.82158023700003,"MSLT":3.0997743606600001,"SWHS":1.24982380867,"TIDE":1.74461305141,"GCL2020":"Artificial","COASTSP":"Mixed (rocky/sandy)"}},{"type":"Feature","id":187,"geometry":{"type":"Point","coordinates":[151.27542029990695,-33.800207700025226]},"properties":{"FID":187,"Name":"Fairlight Beach Rockpool","Date":"1926/1961","CODSP":"AUS-025","Contr_Id":"AUS","Admin01":"Australia","Admin02":"New South Wales","Confidence":"High","Marin_Reg0":"South Pacific Ocean","Marin_Reg1":"Tasman Sea","SIZE":876.18615939599999,"MSLT":3.2987504005399999,"SWHS":1.24982380867,"TIDE":1.7357479333900001,"GCL2020":"Artificial","COASTSP":"Mixed (rocky/sandy)"}},{"type":"Feature","id":188,"geometry":{"type":"Point","coordinates":[151.25785189984538,-33.922871500319445]},"properties":{"FID":188,"Name":"Ross Jones Rockpool (2)","Date":"1947","CODSP":"AUS-060","Contr_Id":"AUS","Admin01":"Australia","Admin02":"New South Wales","Confidence":"High","Marin_Reg0":"South Pacific Ocean","Marin_Reg1":"Tasman Sea","SIZE":217.46984201500001,"MSLT":3.2987504005399999,"SWHS":1.24982380867,"TIDE":1.73135471344,"GCL2020":"Artificial","COASTSP":"Mixed (rocky/sandy)"}},{"type":"Feature","id":189,"geometry":{"type":"Point","coordinates":[151.2586562004235,-33.924242999714636]},"properties":{"FID":189,"Name":"McIver's Ladies Baths","Date":"1886/1922","CODSP":"AUS-040","Contr_Id":"AUS","Admin01":"Australia","Admin02":"New South Wales","Confidence":"High","Marin_Reg0":"South Pacific Ocean","Marin_Reg1":"Tasman Sea","SIZE":358.29777005900002,"MSLT":3.2987504005399999,"SWHS":1.24982380867,"TIDE":1.73135471344,"GCL2020":"Artificial","COASTSP":"Rocky"}},{"type":"Feature","id":190,"geometry":{"type":"Point","coordinates":[151.26383289956891,-33.943085700444669]},"properties":{"FID":190,"Name":"Mahon Pool","Date":"1932","CODSP":"AUS-038","Contr_Id":"AUS","Admin01":"Australia","Admin02":"New South Wales","Confidence":"High","Marin_Reg0":"South Pacific Ocean","Marin_Reg1":"Tasman Sea","SIZE":625.78724560600006,"MSLT":3.2987504005399999,"SWHS":1.24982380867,"TIDE":1.73135471344,"GCL2020":"Artificial","COASTSP":"Rocky"}},{"type":"Feature","id":191,"geometry":{"type":"Point","coordinates":[151.2523979999678,-33.979987099924642]},"properties":{"FID":191,"Name":"Little Bay Rock Pool / Nurses pool","Date":"1900s","CODSP":"AUS-036","Contr_Id":"AUS","Admin01":"Australia","Admin02":"New South Wales","Confidence":"High","Marin_Reg0":"South Pacific Ocean","Marin_Reg1":"Tasman Sea","SIZE":211.78226457400001,"MSLT":3.2987504005399999,"SWHS":1.24982380867,"TIDE":1.72894275188,"GCL2020":"Rocky","COASTSP":"Mixed (rocky/sandy)"}},{"type":"Feature","id":192,"geometry":{"type":"Point","coordinates":[151.15559609998013,-34.053803199857725]},"properties":{"FID":192,"Name":"South Cronulla Beach Rock Pool","Date":"1940/1990s","CODSP":"AUS-064","Contr_Id":"AUS","Admin01":"Australia","Admin02":"New South Wales","Confidence":"High","Marin_Reg0":"South Pacific Ocean","Marin_Reg1":"Tasman Sea","SIZE":1179.8827555800001,"MSLT":2.90618538857,"SWHS":1.24982380867,"TIDE":1.71996414661,"GCL2020":"Sandy","COASTSP":"Mixed (rocky/sandy)"}},{"type":"Feature","id":193,"geometry":{"type":"Point","coordinates":[151.1561492001257,-34.05295740006386]},"properties":{"FID":193,"Name":"North Cronulla Beach Rock Pool","Date":"1940/1990s","CODSP":"AUS-049","Contr_Id":"AUS","Admin01":"Australia","Admin02":"New South Wales","Confidence":"High","Marin_Reg0":"South Pacific Ocean","Marin_Reg1":"Tasman Sea","SIZE":812.90595926900005,"MSLT":2.90618538857,"SWHS":1.24982380867,"TIDE":1.71996414661,"GCL2020":"Sandy","COASTSP":"Mixed (rocky/sandy)"}},{"type":"Feature","id":194,"geometry":{"type":"Point","coordinates":[151.15694275740225,-34.070509719348081]},"properties":{"FID":194,"Name":"Oak Park Rock Pool","Date":"1931","CODSP":"AUS-052","Contr_Id":"AUS","Admin01":"Australia","Admin02":"New South Wales","Confidence":"High","Marin_Reg0":"South Pacific Ocean","Marin_Reg1":"Tasman Sea","SIZE":1270.50773847,"MSLT":2.90618538857,"SWHS":1.24982380867,"TIDE":1.71996414661,"GCL2020":"Artificial","COASTSP":"Mixed (rocky/sandy)"}},{"type":"Feature","id":195,"geometry":{"type":"Point","coordinates":[151.15587090042175,-34.064648000304885]},"properties":{"FID":195,"Name":"Shelly Beach Ocean Pool","Date":"1930s","CODSP":"AUS-062","Contr_Id":"AUS","Admin01":"Australia","Admin02":"New South Wales","Confidence":"High","Marin_Reg0":"South Pacific Ocean","Marin_Reg1":"Tasman Sea","SIZE":1296.2942094099999,"MSLT":2.90618538857,"SWHS":1.24982380867,"TIDE":1.71996414661,"GCL2020":"Artificial","COASTSP":"Mixed (rocky/sandy)"}},{"type":"Feature","id":196,"geometry":{"type":"Point","coordinates":[151.01110914317258,-34.216877313237433]},"properties":{"FID":196,"Name":"Bulgo Beach Ocean Pool","Date":"1930/1960s","CODSP":"AUS-016","Contr_Id":"AUS","Admin01":"Australia","Admin02":"New South Wales","Confidence":"High","Marin_Reg0":"South Pacific Ocean","Marin_Reg1":"Tasman Sea","SIZE":189.75116631500001,"MSLT":2.90618538857,"SWHS":1.28873372078,"TIDE":1.7127169370699999,"GCL2020":"Rocky","COASTSP":"Rocky"}},{"type":"Feature","id":197,"geometry":{"type":"Point","coordinates":[150.92416759985497,-34.365688699673683]},"properties":{"FID":197,"Name":"Bellambi Rock Pool","Date":"1965","CODSP":"AUS-008","Contr_Id":"AUS","Admin01":"Australia","Admin02":"New South Wales","Confidence":"High","Marin_Reg0":"South Pacific Ocean","Marin_Reg1":"Tasman Sea","SIZE":1240.27243856,"MSLT":2.8736906051600002,"SWHS":1.3628461360899999,"TIDE":1.7093280553800001,"GCL2020":"Rocky","COASTSP":"Mixed (rocky/sandy)"}},{"type":"Feature","id":198,"geometry":{"type":"Point","coordinates":[150.97725889967865,-34.24648760042237]},"properties":{"FID":198,"Name":"Coalcliff Rock Pools","Date":"1920s","CODSP":"AUS-019","Contr_Id":"AUS","Admin01":"Australia","Admin02":"New South Wales","Confidence":"High","Marin_Reg0":"South Pacific Ocean","Marin_Reg1":"Tasman Sea","SIZE":453.353022232,"MSLT":2.8736910820000001,"SWHS":1.3628461360899999,"TIDE":1.71199560165,"GCL2020":"Rocky","COASTSP":"Rocky"}},{"type":"Feature","id":199,"geometry":{"type":"Point","coordinates":[150.95606079986624,-34.280211099762369]},"properties":{"FID":199,"Name":"Wombarra Rock Pool","Date":"1930s","CODSP":"AUS-073","Contr_Id":"AUS","Admin01":"Australia","Admin02":"New South Wales","Confidence":"High","Marin_Reg0":"South Pacific Ocean","Marin_Reg1":"Tasman Sea","SIZE":1178.27307122,"MSLT":2.8736906051600002,"SWHS":1.3628461360899999,"TIDE":1.71154785156,"GCL2020":"Rocky","COASTSP":"Mixed (rocky/sandy)"}},{"type":"Feature","id":200,"geometry":{"type":"Point","coordinates":[150.94671600024344,-34.291888200280198]},"properties":{"FID":200,"Name":"Coledale Rock Pool (2)","Date":"1921","CODSP":"AUS-021","Contr_Id":"AUS","Admin01":"Australia","Admin02":"New South Wales","Confidence":"High","Marin_Reg0":"South Pacific Ocean","Marin_Reg1":"Tasman Sea","SIZE":747.594934825,"MSLT":2.8736906051600002,"SWHS":1.3628461360899999,"TIDE":1.7100415229799999,"GCL2020":"Rocky","COASTSP":"Rocky"}},{"type":"Feature","id":201,"geometry":{"type":"Point","coordinates":[150.90281660000619,-34.41779769970401]},"properties":{"FID":201,"Name":"Men's Baths on Blue Mile","Date":"1881","CODSP":"AUS-041","Contr_Id":"AUS","Admin01":"Australia","Admin02":"New South Wales","Confidence":"High","Marin_Reg0":"South Pacific Ocean","Marin_Reg1":"Tasman Sea","SIZE":525.72522525399995,"MSLT":2.8736906051600002,"SWHS":1.3628461360899999,"TIDE":1.7087692022300001,"GCL2020":"Artificial","COASTSP":"Rocky"}},{"type":"Feature","id":202,"geometry":{"type":"Point","coordinates":[150.86214426674462,-34.669899003835894]},"properties":{"FID":202,"Name":"Blowhole Point Rock Pool","Date":"1880s","CODSP":"AUS-012","Contr_Id":"AUS","Admin01":"Australia","Admin02":"New South Wales","Confidence":"High","Marin_Reg0":"South Pacific Ocean","Marin_Reg1":"Tasman Sea","SIZE":646.898165619,"MSLT":3.3006982803299998,"SWHS":1.4486477375,"TIDE":1.7022091150300001,"GCL2020":"Artificial","COASTSP":"Rocky"}},{"type":"Feature","id":203,"geometry":{"type":"Point","coordinates":[150.92324075234001,-34.347500001716412]},"properties":{"FID":203,"Name":"Woonona Rock Pool (1)","Date":"1970s","CODSP":"AUS-074","Contr_Id":"AUS","Admin01":"Australia","Admin02":"New South Wales","Confidence":"High","Marin_Reg0":"South Pacific Ocean","Marin_Reg1":"Tasman Sea","SIZE":988.72463024700005,"MSLT":2.8736906051600002,"SWHS":1.3628461360899999,"TIDE":1.7089385986300001,"GCL2020":"Rocky","COASTSP":"Mixed (rocky/sandy)"}},{"type":"Feature","id":204,"geometry":{"type":"Point","coordinates":[150.91531840042398,-34.385835900306517]},"properties":{"FID":204,"Name":"Towradgi Rock Pool","Date":"1960s","CODSP":"AUS-069","Contr_Id":"AUS","Admin01":"Australia","Admin02":"New South Wales","Confidence":"High","Marin_Reg0":"South Pacific Ocean","Marin_Reg1":"Tasman Sea","SIZE":1262.5158967,"MSLT":2.8736906051600002,"SWHS":1.3628461360899999,"TIDE":1.70905804634,"GCL2020":"Rocky","COASTSP":"Mixed (rocky/sandy)"}},{"type":"Feature","id":205,"geometry":{"type":"Point","coordinates":[150.91502590042501,-34.483784599579565]},"properties":{"FID":205,"Name":"Fishermans Beach Rock Pool","Date":"1930s","CODSP":"AUS-027","Contr_Id":"AUS","Admin01":"Australia","Admin02":"New South Wales","Confidence":"High","Marin_Reg0":"South Pacific Ocean","Marin_Reg1":"Tasman Sea","SIZE":440.66079745500002,"MSLT":2.8736906051600002,"SWHS":1.3628461360899999,"TIDE":1.70655405521,"GCL2020":"Rocky","COASTSP":"Mixed (rocky/sandy)"}},{"type":"Feature","id":206,"geometry":{"type":"Point","coordinates":[150.91031820042463,-34.422189500245224]},"properties":{"FID":206,"Name":"The Nuns Pool","Date":"1830s","CODSP":"AUS-068","Contr_Id":"AUS","Admin01":"Australia","Admin02":"New South Wales","Confidence":"High","Marin_Reg0":"South Pacific Ocean","Marin_Reg1":"Tasman Sea","SIZE":207.14831205900001,"MSLT":2.8736906051600002,"SWHS":1.3628461360899999,"TIDE":1.7087692022300001,"GCL2020":"Rocky","COASTSP":"Rocky"}},{"type":"Feature","id":207,"geometry":{"type":"Point","coordinates":[150.90942760000394,-34.422819200145909]},"properties":{"FID":207,"Name":"Wollongong Head Lighthouse Rockpool","Date":"1870s","CODSP":"AUS-072","Contr_Id":"AUS","Admin01":"Australia","Admin02":"New South Wales","Confidence":"High","Marin_Reg0":"South Pacific Ocean","Marin_Reg1":"Tasman Sea","SIZE":202.818347149,"MSLT":2.8736906051600002,"SWHS":1.3628461360899999,"TIDE":1.7087692022300001,"GCL2020":"Rocky","COASTSP":"Rocky"}},{"type":"Feature","id":208,"geometry":{"type":"Point","coordinates":[150.83607480021192,-34.744072200271717]},"properties":{"FID":208,"Name":"Ourie Pool, Werri Beach","Date":"1930s","CODSP":"AUS-054","Contr_Id":"AUS","Admin01":"Australia","Admin02":"New South Wales","Confidence":"High","Marin_Reg0":"South Pacific Ocean","Marin_Reg1":"Tasman Sea","SIZE":291.52514579400003,"MSLT":3.3006982803299998,"SWHS":1.4486477375,"TIDE":1.70149672031,"GCL2020":"Rocky","COASTSP":"Rocky"}},{"type":"Feature","id":209,"geometry":{"type":"Point","coordinates":[150.83330110036559,-34.749745100355995]},"properties":{"FID":209,"Name":"Gerringong Boat Harbour Rock Pool","Date":"1911","CODSP":"AUS-031","Contr_Id":"AUS","Admin01":"Australia","Admin02":"New South Wales","Confidence":"High","Marin_Reg0":"South Pacific Ocean","Marin_Reg1":"Tasman Sea","SIZE":956.39230551699995,"MSLT":3.3006982803299998,"SWHS":1.4486477375,"TIDE":1.70149672031,"GCL2020":"Artificial","COASTSP":"Rocky"}},{"type":"Feature","id":210,"geometry":{"type":"Point","coordinates":[150.08420493850713,-36.429564487411142]},"properties":{"FID":210,"Name":"Bermagui Blue Pool","Date":"1930s","CODSP":"AUS-009","Contr_Id":"AUS","Admin01":"Australia","Admin02":"New South Wales","Confidence":"High","Marin_Reg0":"South Pacific Ocean","Marin_Reg1":"Tasman Sea","SIZE":912.96603810099998,"MSLT":4.0820465087900004,"SWHS":1.40799641609,"TIDE":1.62649428844,"GCL2020":"Artificial","COASTSP":"Rocky"}},{"type":"Feature","id":211,"geometry":{"type":"Point","coordinates":[-17.887642268375942,27.800449026401623]},"properties":{"FID":211,"Name":"Piscinas de La Caleta","Date":"1999","CODSP":"ESP-086","Contr_Id":"ESP","Admin01":"Spain","Admin02":"Canarias","Confidence":"High","Marin_Reg0":"North Atlantic Ocean","Marin_Reg1":"North Atlantic Ocean","SIZE":433.18452610399999,"MSLT":5.1320204734799999,"SWHS":1.75162434578,"TIDE":1.86180758476,"GCL2020":"NaN","COASTSP":"Mixed (rocky/artificial)"}},{"type":"Feature","id":212,"geometry":{"type":"Point","coordinates":[-18.008688399649884,27.786576800379123]},"properties":{"FID":212,"Name":"Piscina Natural La Maceta","Date":"1979-1992","CODSP":"ESP-074","Contr_Id":"ESP","Admin01":"Spain","Admin02":"Canarias","Confidence":"High","Marin_Reg0":"North Atlantic Ocean","Marin_Reg1":"North Atlantic Ocean","SIZE":1096.1324240700001,"MSLT":5.2763242721600001,"SWHS":1.96073079109,"TIDE":1.8767304420499999,"GCL2020":"NaN","COASTSP":"Rocky"}},{"type":"Feature","id":213,"geometry":{"type":"Point","coordinates":[-18.0400934998151,27.761991799781867]},"properties":{"FID":213,"Name":"Charco Azul","Date":" ","CODSP":"ESP-003","Contr_Id":"ESP","Admin01":"Spain","Admin02":"Canarias","Confidence":"High","Marin_Reg0":"North Atlantic Ocean","Marin_Reg1":"North Atlantic Ocean","SIZE":589.76478969499999,"MSLT":5.2763242721600001,"SWHS":1.96073079109,"TIDE":1.87108182907,"GCL2020":"NaN","COASTSP":"Mixed (rocky/pebbly)"}},{"type":"Feature","id":214,"geometry":{"type":"Point","coordinates":[-18.099230400362615,27.756297199955839]},"properties":{"FID":214,"Name":"Piscina Natural - Charco La Laja","Date":"1979-1992","CODSP":"ESP-055","Contr_Id":"ESP","Admin01":"Spain","Admin02":"Canarias","Confidence":"High","Marin_Reg0":"North Atlantic Ocean","Marin_Reg1":"North Atlantic Ocean","SIZE":3498.2756275699999,"MSLT":5.2763242721600001,"SWHS":1.96073079109,"TIDE":1.86499142647,"GCL2020":"NaN","COASTSP":"Mixed (rocky/pebbly)"}},{"type":"Feature","id":215,"geometry":{"type":"Point","coordinates":[-17.76161380033659,28.807960600101694]},"properties":{"FID":215,"Name":"El Charco Azul Piscina Natural","Date":" ","CODSP":"ESP-038","Contr_Id":"ESP","Admin01":"Spain","Admin02":"Canarias","Confidence":"High","Marin_Reg0":"North Atlantic Ocean","Marin_Reg1":"North Atlantic Ocean","SIZE":340.80102657499998,"MSLT":5.0629110336299998,"SWHS":1.87381672859,"TIDE":2.04641962051,"GCL2020":"NaN","COASTSP":"Rocky"}},{"type":"Feature","id":216,"geometry":{"type":"Point","coordinates":[-3.5408600002887169,43.495634200158293]},"properties":{"FID":216,"Name":"Piscina Natural Isla","Date":"2016","CODSP":"ESP-072","Contr_Id":"ESP","Admin01":"Spain","Admin02":"Cantabria","Confidence":"High","Marin_Reg0":"North Atlantic Ocean","Marin_Reg1":"Bay of Biscay","SIZE":630.57233222399998,"MSLT":5.0549640655500001,"SWHS":1.28446125984,"TIDE":3.7932822704300002,"GCL2020":"Sandy","COASTSP":"Mixed (rocky/sandy)"}},{"type":"Feature","id":217,"geometry":{"type":"Point","coordinates":[-3.5404910543186929,43.49782377234925]},"properties":{"FID":217,"Name":"Piscina natural Playa del Sable","Date":"2016","CODSP":"ESP-080","Contr_Id":"ESP","Admin01":"Spain","Admin02":"Cantabria","Confidence":"High","Marin_Reg0":"North Atlantic Ocean","Marin_Reg1":"Bay of Biscay","SIZE":1466.5681503999999,"MSLT":5.0549640655500001,"SWHS":1.28446125984,"TIDE":3.7932822704300002,"GCL2020":"Sandy","COASTSP":"Rocky"}},{"type":"Feature","id":218,"geometry":{"type":"Point","coordinates":[149.91013544669363,-37.063107113902163]},"properties":{"FID":218,"Name":"Aslings Beach Rock Pool / Eden's rockpool","Date":"1904/1961","CODSP":"AUS-002","Contr_Id":"AUS","Admin01":"Australia","Admin02":"New South Wales","Confidence":"High","Marin_Reg0":"South Pacific Ocean","Marin_Reg1":"Tasman Sea","SIZE":534.11572587700005,"MSLT":3.1977846622500001,"SWHS":1.3553841114,"TIDE":1.6106505393999999,"GCL2020":"Sandy","COASTSP":"Mixed (rocky/sandy)"}},{"type":"Feature","id":219,"geometry":{"type":"Point","coordinates":[-16.94117199958805,32.634216199817956]},"properties":{"FID":219,"Name":"Ponta Gorda (Complexo Balnear)","Date":" ","CODSP":"POR-039","Contr_Id":"POR","Admin01":"Portugal","Admin02":"Madeira","Confidence":"High","Marin_Reg0":"North Atlantic Ocean","Marin_Reg1":"North Atlantic Ocean","SIZE":556.13466741000002,"MSLT":4.9652495384200002,"SWHS":1.93082356453,"TIDE":2.17893123627,"GCL2020":"NaN","COASTSP":"Mixed (artificial/rocky)"}},{"type":"Feature","id":220,"geometry":{"type":"Point","coordinates":[-16.775672500085761,32.690512099753789]},"properties":{"FID":220,"Name":"Albatroz Beach & Yacht Club pool","Date":" ","CODSP":"POR-001","Contr_Id":"POR","Admin01":"Portugal","Admin02":"Madeira","Confidence":"High","Marin_Reg0":"North Atlantic Ocean","Marin_Reg1":"North Atlantic Ocean","SIZE":282.66444302299999,"MSLT":4.9652495384200002,"SWHS":2.18167805672,"TIDE":2.1989042758899999,"GCL2020":"NaN","COASTSP":"Rocky"}},{"type":"Feature","id":221,"geometry":{"type":"Point","coordinates":[-17.044007795320795,32.811894895804699]},"properties":{"FID":221,"Name":"Piscinas Calamares","Date":" ","CODSP":"POR-022","Contr_Id":"POR","Admin01":"Portugal","Admin02":"Madeira","Confidence":"High","Marin_Reg0":"North Atlantic Ocean","Marin_Reg1":"North Atlantic Ocean","SIZE":749.95610986199995,"MSLT":5.5599308013900002,"SWHS":2.2877571582799998,"TIDE":2.27896046638,"GCL2020":"NaN","COASTSP":"Mixed (rocky/pebbly)"}},{"type":"Feature","id":222,"geometry":{"type":"Point","coordinates":[-17.166252000129589,32.86790920004961]},"properties":{"FID":222,"Name":"Piscinas Naturales Antiguas","Date":" ","CODSP":"POR-032","Contr_Id":"POR","Admin01":"Portugal","Admin02":"Madeira","Confidence":"High","Marin_Reg0":"North Atlantic Ocean","Marin_Reg1":"North Atlantic Ocean","SIZE":2985.27573183,"MSLT":5.5599308013900002,"SWHS":2.2877571582799998,"TIDE":2.26762461662,"GCL2020":"NaN","COASTSP":"Rocky"}},{"type":"Feature","id":223,"geometry":{"type":"Point","coordinates":[-17.170668875316437,32.868748269266746]},"properties":{"FID":223,"Name":"Piscinas Naturales de Porto Moniz","Date":"1940","CODSP":"POR-035","Contr_Id":"POR","Admin01":"Portugal","Admin02":"Madeira","Confidence":"High","Marin_Reg0":"North Atlantic Ocean","Marin_Reg1":"North Atlantic Ocean","SIZE":3071.5304338000001,"MSLT":5.5599308013900002,"SWHS":2.2877571582799998,"TIDE":2.26762461662,"GCL2020":"NaN","COASTSP":"Rocky"}},{"type":"Feature","id":224,"geometry":{"type":"Point","coordinates":[-25.661031584140233,37.739738454166343]},"properties":{"FID":224,"Name":"Piscinas do Pesqueiro","Date":"2000s","CODSP":"POR-023","Contr_Id":"POR","Admin01":"Portugal","Admin02":"Azores","Confidence":"High","Marin_Reg0":"North Atlantic Ocean","Marin_Reg1":"North Atlantic Ocean","SIZE":358.32264018799998,"MSLT":5.7374472618099999,"SWHS":2.7425911426499998,"TIDE":1.46117341518,"GCL2020":"NaN","COASTSP":"Artificial"}},{"type":"Feature","id":225,"geometry":{"type":"Point","coordinates":[-25.802596256014567,37.803899666755456]},"properties":{"FID":225,"Name":"Piscina do Porto dos Batéis","Date":" ","CODSP":"POR-012","Contr_Id":"POR","Admin01":"Portugal","Admin02":"Azores","Confidence":"High","Marin_Reg0":"North Atlantic Ocean","Marin_Reg1":"North Atlantic Ocean","SIZE":347.83383452700002,"MSLT":5.57996368408,"SWHS":2.7425911426499998,"TIDE":1.4737510681199999,"GCL2020":"NaN","COASTSP":"Mixed (rocky/pebbly)"}},{"type":"Feature","id":226,"geometry":{"type":"Point","coordinates":[-25.669434988733656,37.834585431272728]},"properties":{"FID":226,"Name":"Poços de Capelas e São Vicente (1)","Date":" ","CODSP":"POR-043","Contr_Id":"POR","Admin01":"Portugal","Admin02":"Azores","Confidence":"High","Marin_Reg0":"North Atlantic Ocean","Marin_Reg1":"North Atlantic Ocean","SIZE":40.4590592216,"MSLT":5.4130401611299996,"SWHS":2.7425911426499998,"TIDE":1.6033488512,"GCL2020":"NaN","COASTSP":"Mixed (rocky/artificial)"}},{"type":"Feature","id":227,"geometry":{"type":"Point","coordinates":[31.013395799576585,-29.933278400077995]},"properties":{"FID":227,"Name":"Brighton Beach Tidal Pool","Date":"1930s","CODSP":"ZAF-007","Contr_Id":"ZAF","Admin01":"South Africa","Admin02":"Kwa-Zulu Natal","Confidence":"High","Marin_Reg0":"Indian Ocean","Marin_Reg1":"Indian Ocean","SIZE":550.36706138600005,"MSLT":3.3852977752700002,"SWHS":1.84329915047,"TIDE":1.8530554771400001,"GCL2020":"Sandy","COASTSP":"Mixed (rocky/sandy)"}},{"type":"Feature","id":228,"geometry":{"type":"Point","coordinates":[-25.495471800383257,37.713290400032008]},"properties":{"FID":228,"Name":"Piscina de Caloura","Date":"1962","CODSP":"POR-010","Contr_Id":"POR","Admin01":"Portugal","Admin02":"Azores","Confidence":"High","Marin_Reg0":"North Atlantic Ocean","Marin_Reg1":"North Atlantic Ocean","SIZE":87.734759640700005,"MSLT":5.6895627975499998,"SWHS":2.69315266609,"TIDE":1.47660267353,"GCL2020":"NaN","COASTSP":"Rocky"}},{"type":"Feature","id":229,"geometry":{"type":"Point","coordinates":[30.947598400345953,-29.999607000062895]},"properties":{"FID":229,"Name":"Isipingo Beach Tidal pool / Tiger rocks tidal pool","Date":"1920s","CODSP":"ZAF-035","Contr_Id":"ZAF","Admin01":"South Africa","Admin02":"Kwa-Zulu Natal","Confidence":"High","Marin_Reg0":"Indian Ocean","Marin_Reg1":"Indian Ocean","SIZE":892.91482125100003,"MSLT":3.5556707382199999,"SWHS":1.47891926765,"TIDE":1.8474575281100001,"GCL2020":"Sandy","COASTSP":"Rocky"}},{"type":"Feature","id":230,"geometry":{"type":"Point","coordinates":[30.802695928631124,-30.205936372884537]},"properties":{"FID":230,"Name":"Umkomaas Lodge Pool","Date":" ","CODSP":"ZAF-099","Contr_Id":"ZAF","Admin01":"South Africa","Admin02":"Kwa-Zulu Natal","Confidence":"High","Marin_Reg0":"Indian Ocean","Marin_Reg1":"Indian Ocean","SIZE":1073.76405247,"MSLT":3.4397919178,"SWHS":1.80618977547,"TIDE":1.8366448879199999,"GCL2020":"Sandy","COASTSP":"Mixed (rocky/sandy)"}},{"type":"Feature","id":231,"geometry":{"type":"Point","coordinates":[30.760774299694219,-30.280871999742885]},"properties":{"FID":231,"Name":"Scottburgh Tidal Swimming Pool","Date":" ","CODSP":"ZAF-077","Contr_Id":"ZAF","Admin01":"South Africa","Admin02":"Kwa-Zulu Natal","Confidence":"High","Marin_Reg0":"Indian Ocean","Marin_Reg1":"Indian Ocean","SIZE":916.93590404300005,"MSLT":3.5659456253099999,"SWHS":1.80618977547,"TIDE":1.8322169780699999,"GCL2020":"Sandy","COASTSP":"Rocky"}},{"type":"Feature","id":232,"geometry":{"type":"Point","coordinates":[30.74555640010783,-30.309919400360002]},"properties":{"FID":232,"Name":"Park Rynie Beach Tidal pool (1)","Date":" ","CODSP":"ZAF-068","Contr_Id":"ZAF","Admin01":"South Africa","Admin02":"Kwa-Zulu Natal","Confidence":"High","Marin_Reg0":"Indian Ocean","Marin_Reg1":"Indian Ocean","SIZE":1260.48365309,"MSLT":3.4197978973400001,"SWHS":1.80618977547,"TIDE":1.8295539617500001,"GCL2020":"Sandy","COASTSP":"Mixed (rocky/sandy)"}},{"type":"Feature","id":233,"geometry":{"type":"Point","coordinates":[30.743579100295278,-30.31358440029976]},"properties":{"FID":233,"Name":"Park Rynie Beach Tidal pool (2)","Date":" ","CODSP":"ZAF-069","Contr_Id":"ZAF","Admin01":"South Africa","Admin02":"Kwa-Zulu Natal","Confidence":"High","Marin_Reg0":"Indian Ocean","Marin_Reg1":"Indian Ocean","SIZE":621.66879416400002,"MSLT":3.4197978973400001,"SWHS":1.80618977547,"TIDE":1.8295539617500001,"GCL2020":"Sandy","COASTSP":"Mixed (sandy/rocky)"}},{"type":"Feature","id":234,"geometry":{"type":"Point","coordinates":[30.738641299756296,-30.326177800265214]},"properties":{"FID":234,"Name":"Preston Beach Tidal pool","Date":" ","CODSP":"ZAF-071","Contr_Id":"ZAF","Admin01":"South Africa","Admin02":"Kwa-Zulu Natal","Confidence":"High","Marin_Reg0":"Indian Ocean","Marin_Reg1":"Indian Ocean","SIZE":863.94645054,"MSLT":3.4197978973400001,"SWHS":1.80618977547,"TIDE":1.82761609554,"GCL2020":"Sandy","COASTSP":"Mixed (rocky/sandy)"}},{"type":"Feature","id":235,"geometry":{"type":"Point","coordinates":[30.652612300317458,-30.464591200023733]},"properties":{"FID":235,"Name":"Ifafa Beach tidal pool","Date":" ","CODSP":"ZAF-034","Contr_Id":"ZAF","Admin01":"South Africa","Admin02":"Kwa-Zulu Natal","Confidence":"High","Marin_Reg0":"Indian Ocean","Marin_Reg1":"Indian Ocean","SIZE":799.44977280900002,"MSLT":3.4197978973400001,"SWHS":1.80618977547,"TIDE":1.8191421031999999,"GCL2020":"Sandy","COASTSP":"Mixed (sandy/rocky)"}},{"type":"Feature","id":236,"geometry":{"type":"Point","coordinates":[30.54498450003473,-30.625290800130244]},"properties":{"FID":236,"Name":"Umzumbe Beach Tidal Pool","Date":" ","CODSP":"ZAF-100","Contr_Id":"ZAF","Admin01":"South Africa","Admin02":"Kwa-Zulu Natal","Confidence":"High","Marin_Reg0":"Indian Ocean","Marin_Reg1":"Indian Ocean","SIZE":367.55544025699999,"MSLT":3.6854782104499999,"SWHS":1.80618977547,"TIDE":1.81013047695,"GCL2020":"Sandy","COASTSP":"Mixed (rocky/sandy)"}},{"type":"Feature","id":237,"geometry":{"type":"Point","coordinates":[30.518368799680445,-30.660950199891715]},"properties":{"FID":237,"Name":"Melville / Banana Beach","Date":" ","CODSP":"ZAF-056","Contr_Id":"ZAF","Admin01":"South Africa","Admin02":"Kwa-Zulu Natal","Confidence":"High","Marin_Reg0":"Indian Ocean","Marin_Reg1":"Indian Ocean","SIZE":605.02114662899999,"MSLT":3.6854782104499999,"SWHS":1.80618977547,"TIDE":1.8088275194200001,"GCL2020":"Sandy","COASTSP":"Mixed (rocky/sandy)"}},{"type":"Feature","id":238,"geometry":{"type":"Point","coordinates":[30.480517899581457,-30.714043200333322]},"properties":{"FID":238,"Name":"Tweni Beach tidal pool","Date":" ","CODSP":"ZAF-098","Contr_Id":"ZAF","Admin01":"South Africa","Admin02":"Kwa-Zulu Natal","Confidence":"High","Marin_Reg0":"Indian Ocean","Marin_Reg1":"Indian Ocean","SIZE":188.76276041700001,"MSLT":3.3435170650499999,"SWHS":1.84049153328,"TIDE":1.80736684799,"GCL2020":"Sandy","COASTSP":"Mixed (rocky/sandy)"}},{"type":"Feature","id":239,"geometry":{"type":"Point","coordinates":[30.457057699952998,-30.746774400318202]},"properties":{"FID":239,"Name":"Port Shepstone tidal pool","Date":" ","CODSP":"ZAF-070","Contr_Id":"ZAF","Admin01":"South Africa","Admin02":"Kwa-Zulu Natal","Confidence":"High","Marin_Reg0":"Indian Ocean","Marin_Reg1":"Indian Ocean","SIZE":3103.0061140299999,"MSLT":3.3435170650499999,"SWHS":1.84049153328,"TIDE":1.8071081638299999,"GCL2020":"Sandy","COASTSP":"Mixed (rocky/sandy)"}},{"type":"Feature","id":240,"geometry":{"type":"Point","coordinates":[31.238268199717709,-29.504896299824281]},"properties":{"FID":240,"Name":"Salt Rock public ocean pools","Date":"1930s","CODSP":"ZAF-075","Contr_Id":"ZAF","Admin01":"South Africa","Admin02":"Kwa-Zulu Natal","Confidence":"High","Marin_Reg0":"Indian Ocean","Marin_Reg1":"Indian Ocean","SIZE":1754.7330457,"MSLT":3.3088603019699998,"SWHS":1.57279133797,"TIDE":1.90578460693,"GCL2020":"Sandy","COASTSP":"Mixed (rocky/sandy)"}},{"type":"Feature","id":241,"geometry":{"type":"Point","coordinates":[31.240494799695341,-29.501984799558784]},"properties":{"FID":241,"Name":"Tiffany's Beach tidal pool","Date":" ","CODSP":"ZAF-095","Contr_Id":"ZAF","Admin01":"South Africa","Admin02":"Kwa-Zulu Natal","Confidence":"High","Marin_Reg0":"Indian Ocean","Marin_Reg1":"Indian Ocean","SIZE":297.317619116,"MSLT":3.3088603019699998,"SWHS":1.57279133797,"TIDE":1.90578460693,"GCL2020":"Sandy","COASTSP":"Mixed (sandy/rocky)"}},{"type":"Feature","id":242,"geometry":{"type":"Point","coordinates":[31.28642570008617,-29.451724999908663]},"properties":{"FID":242,"Name":"Tinley Manor Beach tidal pool","Date":" ","CODSP":"ZAF-096","Contr_Id":"ZAF","Admin01":"South Africa","Admin02":"Kwa-Zulu Natal","Confidence":"High","Marin_Reg0":"Indian Ocean","Marin_Reg1":"Indian Ocean","SIZE":913.83561007200001,"MSLT":3.3564505577100001,"SWHS":1.57279133797,"TIDE":1.91368603706,"GCL2020":"Sandy","COASTSP":"Mixed (rocky/sandy)"}},{"type":"Feature","id":243,"geometry":{"type":"Point","coordinates":[18.554975400194564,-34.088612900365035]},"properties":{"FID":243,"Name":"Strandfontein Tidal Pool","Date":"1980s","CODSP":"ZAF-090","Contr_Id":"ZAF","Admin01":"South Africa","Admin02":"Western Cape","Confidence":"High","Marin_Reg0":"South Atlantic Ocean","Marin_Reg1":"South Atlantic Ocean","SIZE":22537.646898300001,"MSLT":3.4523663520799999,"SWHS":1.77652668953,"TIDE":1.65786099434,"GCL2020":"Sandy","COASTSP":"Mixed (sandy/rocky)"}},{"type":"Feature","id":244,"geometry":{"type":"Point","coordinates":[-13.459194192857694,29.132191713277052]},"properties":{"FID":244,"Name":"Playa del Charcon\u00A0 - Charco Muelle de Arrieta","Date":"2003","CODSP":"ESP-097","Contr_Id":"ESP","Admin01":"Spain","Admin02":"Canarias","Confidence":"High","Marin_Reg0":"North Atlantic Ocean","Marin_Reg1":"North Atlantic Ocean","SIZE":1746.32833209,"MSLT":4.57903242111,"SWHS":1.53104329109,"TIDE":2.5822186469999999,"GCL2020":"NaN","COASTSP":"Mixed (rocky/sandy)"}},{"type":"Feature","id":245,"geometry":{"type":"Point","coordinates":[17.21597869985726,40.998679000235768]},"properties":{"FID":245,"Name":"Grottone Pool","Date":" ","CODSP":"ITA-004","Contr_Id":"ITA","Admin01":"Italy","Admin02":"Puglia","Confidence":"High","Marin_Reg0":"Mediterranean region","Marin_Reg1":"Adriatic Sea","SIZE":358.50592517400003,"MSLT":3.3570830822,"SWHS":1.11832356453,"TIDE":0.43119993805899998,"GCL2020":"Artificial","COASTSP":"Rocky"}},{"type":"Feature","id":246,"geometry":{"type":"Point","coordinates":[-13.446124799719712,29.145462700243456]},"properties":{"FID":246,"Name":"Piscina Natural Las Rosas - Charco de Seba","Date":"1990s","CODSP":"ESP-076","Contr_Id":"ESP","Admin01":"Spain","Admin02":"Canarias","Confidence":"High","Marin_Reg0":"North Atlantic Ocean","Marin_Reg1":"North Atlantic Ocean","SIZE":1337.0889760299999,"MSLT":4.57903242111,"SWHS":1.53104329109,"TIDE":2.5832262039199998,"GCL2020":"NaN","COASTSP":"Rocky"}},{"type":"Feature","id":247,"geometry":{"type":"Point","coordinates":[-13.451464098988936,29.141234668045684]},"properties":{"FID":247,"Name":"Piscina de Susa- Charco del Cura","Date":"1977-1990","CODSP":"ESP-046","Contr_Id":"ESP","Admin01":"Spain","Admin02":"Canarias","Confidence":"High","Marin_Reg0":"North Atlantic Ocean","Marin_Reg1":"North Atlantic Ocean","SIZE":667.56911289599998,"MSLT":4.57903242111,"SWHS":1.53104329109,"TIDE":2.5822186469999999,"GCL2020":"NaN","COASTSP":"Rocky"}},{"type":"Feature","id":248,"geometry":{"type":"Point","coordinates":[-5.5267024000955871,54.608627799633325]},"properties":{"FID":248,"Name":"Millisle Lagoon Park And Garden","Date":" ","CODSP":"GBR-020","Contr_Id":"GBR","Admin01":"United Kingdom","Admin02":"Northern Ireland","Confidence":"High","Marin_Reg0":"North Atlantic Ocean","Marin_Reg1":"Inner Seas off the West Coast of Scotland","SIZE":17996.5997594,"MSLT":4.9372072219799996,"SWHS":1.13114094734,"TIDE":4.0062270164499996,"GCL2020":"Rocky","COASTSP":"Mixed (sandy/rocky)"}},{"type":"Feature","id":249,"geometry":{"type":"Point","coordinates":[-3.6101241619005577,54.490471627163913]},"properties":{"FID":249,"Name":"St Bees Outdoor Pool","Date":"1930s","CODSP":"GBR-033","Contr_Id":"GBR","Admin01":"United Kingdom","Admin02":"England","Confidence":"High","Marin_Reg0":"North Atlantic Ocean","Marin_Reg1":"Irish Sea and St. George's Channel","SIZE":231.619749305,"MSLT":4.6393995285000003,"SWHS":1.02640461922,"TIDE":7.6642975807199996,"GCL2020":"Rocky","COASTSP":"Mixed (rocky/pebbly)"}},{"type":"Feature","id":250,"geometry":{"type":"Point","coordinates":[-155.98366980022101,19.614558199701264]},"properties":{"FID":250,"Name":"Ali'i Saltwater Swimming Pool","Date":" ","CODSP":"USA-002","Contr_Id":"USA","Admin01":"United States","Admin02":"Hawaii","Confidence":"High","Marin_Reg0":"North Pacific Ocean","Marin_Reg1":"North Pacific Ocean","SIZE":267.39123677200001,"MSLT":3.5312936306,"SWHS":1.5456918477999999,"TIDE":1.0201649665800001,"GCL2020":"NaN","COASTSP":"Rocky"}},{"type":"Feature","id":251,"geometry":{"type":"Point","coordinates":[-9.0851602703942831,53.257208038141584]},"properties":{"FID":251,"Name":"Salthill Tidal Pool","Date":" ","CODSP":"IRL-004","Contr_Id":"IRL","Admin01":"Ireland","Admin02":"Galway","Confidence":"High","Marin_Reg0":"North Atlantic Ocean","Marin_Reg1":"North Atlantic Ocean","SIZE":476.93112671900002,"MSLT":4.3958368301400004,"SWHS":1.0207487344699999,"TIDE":4.4986696243299997,"GCL2020":"Rocky","COASTSP":"Mixed (sandy/rocky)"}},{"type":"Feature","id":252,"geometry":{"type":"Point","coordinates":[121.76356700021699,25.162332399820514]},"properties":{"FID":252,"Name":"Heping Island Seawater Wading Pool (2)","Date":"1980s","CODSP":"TWN-003","Contr_Id":"TWN","Admin01":"Taiwan","Admin02":"Taiwan Province","Confidence":"High","Marin_Reg0":"North Pacific Ocean","Marin_Reg1":"Eastern China Sea","SIZE":2035.91467448,"MSLT":3.1388504505200001,"SWHS":1.41275715828,"TIDE":1.27790176868,"GCL2020":"Artificial","COASTSP":"Rocky"}},{"type":"Feature","id":253,"geometry":{"type":"Point","coordinates":[121.76281870042271,25.162390700170704]},"properties":{"FID":253,"Name":"Heping Island Seawater Wading Pool","Date":"1980s","CODSP":"TWN-002","Contr_Id":"TWN","Admin01":"Taiwan","Admin02":"Taiwan Province","Confidence":"High","Marin_Reg0":"North Pacific Ocean","Marin_Reg1":"Eastern China Sea","SIZE":2381.1849455800002,"MSLT":3.1388504505200001,"SWHS":1.41275715828,"TIDE":1.27790176868,"GCL2020":"Artificial","COASTSP":"Rocky"}},{"type":"Feature","id":254,"geometry":{"type":"Point","coordinates":[-76.809625700365757,18.31524119962171]},"properties":{"FID":254,"Name":"Robins Bay","Date":"2010s","CODSP":"JAM-003","Contr_Id":"JAM","Admin01":"Jamaica","Admin02":"Saint Mary","Confidence":"High","Marin_Reg0":"North Atlantic Ocean","Marin_Reg1":"Caribbean Sea","SIZE":1125.7311880899999,"MSLT":4.7490792274500002,"SWHS":0.81473469734199999,"TIDE":0.42502826452300002,"GCL2020":"Rocky","COASTSP":"Mixed (rocky/pebbly)"}},{"type":"Feature","id":255,"geometry":{"type":"Point","coordinates":[-77.169900599732841,18.438890299847515]},"properties":{"FID":255,"Name":"Vue Sur La Mer Resort Pool","Date":" ","CODSP":"JAM-004","Contr_Id":"JAM","Admin01":"Jamaica","Admin02":"Saint Ann","Confidence":"High","Marin_Reg0":"North Atlantic Ocean","Marin_Reg1":"Caribbean Sea","SIZE":478.580744998,"MSLT":4.6382241249099998,"SWHS":0.65384602546699999,"TIDE":0.419454604387,"GCL2020":"Rocky","COASTSP":"Mixed (artificial/rocky)"}},{"type":"Feature","id":256,"geometry":{"type":"Point","coordinates":[-3.9655699114221648,48.690467672745058]},"properties":{"FID":256,"Name":"Saint Pol de Leon Pools (2)","Date":"1965-1980","CODSP":"FRA-021","Contr_Id":"FRA","Admin01":"France","Admin02":"Bretagne","Confidence":"High","Marin_Reg0":"North Atlantic Ocean","Marin_Reg1":"English Channel","SIZE":197.114800704,"MSLT":5.3016958236700003,"SWHS":1.5780403614,"TIDE":7.7400732040399998,"GCL2020":"Sandy","COASTSP":"Mixed (sandy/rocky)"}},{"type":"Feature","id":257,"geometry":{"type":"Point","coordinates":[-117.73860239998072,33.491831300174454]},"properties":{"FID":257,"Name":"Three Arch Bay Pool (2)","Date":" ","CODSP":"USA-011","Contr_Id":"USA","Admin01":"United States","Admin02":"California","Confidence":"High","Marin_Reg0":"North Pacific Ocean","Marin_Reg1":"North Pacific Ocean","SIZE":122.43482813200001,"MSLT":5.3120689392099996,"SWHS":1.0615202188499999,"TIDE":2.48833227158,"GCL2020":"Artificial","COASTSP":"Mixed (rocky/sandy)"}},{"type":"Feature","id":258,"geometry":{"type":"Point","coordinates":[-117.73886390034869,33.491451299737832]},"properties":{"FID":258,"Name":"Three Arch Bay Pool (1)","Date":" ","CODSP":"USA-010","Contr_Id":"USA","Admin01":"United States","Admin02":"California","Confidence":"High","Marin_Reg0":"North Pacific Ocean","Marin_Reg1":"North Pacific Ocean","SIZE":140.637805383,"MSLT":5.3120689392099996,"SWHS":1.0615202188499999,"TIDE":2.48833227158,"GCL2020":"Artificial","COASTSP":"Rocky"}},{"type":"Feature","id":259,"geometry":{"type":"Point","coordinates":[-27.257012298478799,38.803054297218068]},"properties":{"FID":259,"Name":"Piscinas Naturais Biscoitos","Date":"1969","CODSP":"POR-024","Contr_Id":"POR","Admin01":"Portugal","Admin02":"Azores","Confidence":"High","Marin_Reg0":"North Atlantic Ocean","Marin_Reg1":"North Atlantic Ocean","SIZE":670.91669398900001,"MSLT":5.5094375610400004,"SWHS":2.96659016609,"TIDE":1.50204265118,"GCL2020":"NaN","COASTSP":"Rocky"}},{"type":"Feature","id":260,"geometry":{"type":"Point","coordinates":[-2.8212291998676164,48.600150800219353]},"properties":{"FID":260,"Name":"Piscine extérieure Plage de la Banche (2)","Date":"1965-1980","CODSP":"FRA-016","Contr_Id":"FRA","Admin01":"France","Admin02":"Bretagne","Confidence":"High","Marin_Reg0":"North Atlantic Ocean","Marin_Reg1":"English Channel","SIZE":973.59431395199999,"MSLT":5.4942841529799997,"SWHS":0.50528645515399995,"TIDE":9.9450292587300009,"GCL2020":"Sandy","COASTSP":"Mixed (sandy/artificial)"}},{"type":"Feature","id":261,"geometry":{"type":"Point","coordinates":[-4.6380067999737662,50.332856599952152]},"properties":{"FID":261,"Name":"Whitehouse Pool","Date":"1920s","CODSP":"GBR-052","Contr_Id":"GBR","Admin01":"United Kingdom","Admin02":"England","Confidence":"High","Marin_Reg0":"North Atlantic Ocean","Marin_Reg1":"English Channel","SIZE":123.029312542,"MSLT":4.7721872329700004,"SWHS":1.8651497364,"TIDE":4.7992334365799998,"GCL2020":"Artificial","COASTSP":"Rocky"}},{"type":"Feature","id":262,"geometry":{"type":"Point","coordinates":[-89.420113999661282,13.493760199773476]},"properties":{"FID":262,"Name":"Atami Club Pool (1)","Date":" ","CODSP":"SLV-001","Contr_Id":"SLV","Admin01":"El Salvador","Admin02":"La Libertad","Confidence":"High","Marin_Reg0":"North Pacific Ocean","Marin_Reg1":"North Pacific Ocean","SIZE":205.229492228,"MSLT":4.6740350723299997,"SWHS":0.77030110359199999,"TIDE":2.19444298744,"GCL2020":"Rocky","COASTSP":"Mixed (rocky/sandy)"}},{"type":"Feature","id":263,"geometry":{"type":"Point","coordinates":[-89.419819000446466,13.49354629962221]},"properties":{"FID":263,"Name":"Atami Club Pool (2)","Date":" ","CODSP":"SLV-002","Contr_Id":"SLV","Admin01":"El Salvador","Admin02":"La Libertad","Confidence":"High","Marin_Reg0":"North Pacific Ocean","Marin_Reg1":"North Pacific Ocean","SIZE":201.59365739399999,"MSLT":4.6740350723299997,"SWHS":0.77030110359199999,"TIDE":2.19444298744,"GCL2020":"Rocky","COASTSP":"Mixed (rocky/sandy)"}},{"type":"Feature","id":264,"geometry":{"type":"Point","coordinates":[-89.397156399648054,13.494506500374882]},"properties":{"FID":264,"Name":"El Sunzal (1)","Date":" ","CODSP":"SLV-027","Contr_Id":"SLV","Admin01":"El Salvador","Admin02":"La Libertad","Confidence":"High","Marin_Reg0":"North Pacific Ocean","Marin_Reg1":"North Pacific Ocean","SIZE":48.344960802999999,"MSLT":4.6740350723299997,"SWHS":0.77030110359199999,"TIDE":2.20023441315,"GCL2020":"Rocky","COASTSP":"Rocky"}},{"type":"Feature","id":265,"geometry":{"type":"Point","coordinates":[-89.402346799964732,13.4930345997671]},"properties":{"FID":265,"Name":"Tamanique (3)","Date":" ","CODSP":"SLV-052","Contr_Id":"SLV","Admin01":"El Salvador","Admin02":"La Libertad","Confidence":"High","Marin_Reg0":"North Pacific Ocean","Marin_Reg1":"North Pacific Ocean","SIZE":902.56972189099997,"MSLT":4.6740350723299997,"SWHS":0.77030110359199999,"TIDE":2.20023441315,"GCL2020":"Rocky","COASTSP":"Rocky"}},{"type":"Feature","id":266,"geometry":{"type":"Point","coordinates":[-89.378080600039539,13.491960200402957]},"properties":{"FID":266,"Name":"El Tunco (1)","Date":" ","CODSP":"SLV-029","Contr_Id":"SLV","Admin01":"El Salvador","Admin02":"La Libertad","Confidence":"High","Marin_Reg0":"North Pacific Ocean","Marin_Reg1":"North Pacific Ocean","SIZE":276.57999999999998,"MSLT":4.6740350723299997,"SWHS":0.77030110359199999,"TIDE":2.2062644958500002,"GCL2020":"Rocky","COASTSP":"Rocky"}},{"type":"Feature","id":267,"geometry":{"type":"Point","coordinates":[-89.375655699550862,13.491977800135487]},"properties":{"FID":267,"Name":"El Tunco (3)","Date":" ","CODSP":"SLV-031","Contr_Id":"SLV","Admin01":"El Salvador","Admin02":"La Libertad","Confidence":"High","Marin_Reg0":"North Pacific Ocean","Marin_Reg1":"North Pacific Ocean","SIZE":82.920000000000002,"MSLT":4.6740350723299997,"SWHS":0.77030110359199999,"TIDE":2.2062644958500002,"GCL2020":"Rocky","COASTSP":"Rocky"}},{"type":"Feature","id":268,"geometry":{"type":"Point","coordinates":[-89.374626599937585,13.491883400098857]},"properties":{"FID":268,"Name":"El Tunco (5)","Date":" ","CODSP":"SLV-033","Contr_Id":"SLV","Admin01":"El Salvador","Admin02":"La Libertad","Confidence":"High","Marin_Reg0":"North Pacific Ocean","Marin_Reg1":"North Pacific Ocean","SIZE":486.33499999999998,"MSLT":4.6740350723299997,"SWHS":0.77030110359199999,"TIDE":2.2062644958500002,"GCL2020":"Rocky","COASTSP":"Rocky"}},{"type":"Feature","id":269,"geometry":{"type":"Point","coordinates":[-89.374070100354743,13.49158999987867]},"properties":{"FID":269,"Name":"El Tunco (7)","Date":" ","CODSP":"SLV-035","Contr_Id":"SLV","Admin01":"El Salvador","Admin02":"La Libertad","Confidence":"High","Marin_Reg0":"North Pacific Ocean","Marin_Reg1":"North Pacific Ocean","SIZE":92.388000000000005,"MSLT":4.6740350723299997,"SWHS":0.77030110359199999,"TIDE":2.2062644958500002,"GCL2020":"Rocky","COASTSP":"Rocky"}},{"type":"Feature","id":270,"geometry":{"type":"Point","coordinates":[-89.373797800028342,13.491712599956657]},"properties":{"FID":270,"Name":"El Tunco (8)","Date":" ","CODSP":"SLV-036","Contr_Id":"SLV","Admin01":"El Salvador","Admin02":"La Libertad","Confidence":"High","Marin_Reg0":"North Pacific Ocean","Marin_Reg1":"North Pacific Ocean","SIZE":87.938115999999994,"MSLT":4.6740350723299997,"SWHS":0.77030110359199999,"TIDE":2.2062644958500002,"GCL2020":"Rocky","COASTSP":"Rocky"}},{"type":"Feature","id":271,"geometry":{"type":"Point","coordinates":[-89.315395699551857,13.486130400098034]},"properties":{"FID":271,"Name":"Puertomar","Date":" ","CODSP":"SLV-043","Contr_Id":"SLV","Admin01":"El Salvador","Admin02":"La Libertad","Confidence":"High","Marin_Reg0":"North Pacific Ocean","Marin_Reg1":"North Pacific Ocean","SIZE":189.44889467499999,"MSLT":4.6740350723299997,"SWHS":0.77030110359199999,"TIDE":2.2188663482700002,"GCL2020":"Rocky","COASTSP":"Mixed (rocky/sandy)"}},{"type":"Feature","id":272,"geometry":{"type":"Point","coordinates":[-89.412303033035528,13.493958913020776]},"properties":{"FID":272,"Name":"Tamanique","Date":" ","CODSP":"SLV-049","Contr_Id":"SLV","Admin01":"El Salvador","Admin02":"La Libertad","Confidence":"High","Marin_Reg0":"North Pacific Ocean","Marin_Reg1":"North Pacific Ocean","SIZE":55.226623407300004,"MSLT":4.6740350723299997,"SWHS":0.77030110359199999,"TIDE":2.20023441315,"GCL2020":"Rocky","COASTSP":"Rocky"}},{"type":"Feature","id":273,"geometry":{"type":"Point","coordinates":[-72.224940699953265,21.758175599824142]},"properties":{"FID":273,"Name":"Sunset Cove Pool","Date":"2023","CODSP":"TCA-001","Contr_Id":"TCA","Admin01":"Turks and Caicos Islands (UK)","Admin02":"Providenciales and West Caicos","Confidence":"High","Marin_Reg0":"North Atlantic Ocean","Marin_Reg1":"North Atlantic Ocean","SIZE":326.45454990299999,"MSLT":5.9264688491799999,"SWHS":1.20902180672,"TIDE":0.90626597404499998,"GCL2020":"NaN","COASTSP":"Mixed (sandy/artificial)"}},{"type":"Feature","id":274,"geometry":{"type":"Point","coordinates":[-89.316176300295979,13.486156299673496]},"properties":{"FID":274,"Name":"Rocalinda Pool (1)","Date":" ","CODSP":"SLV-047","Contr_Id":"SLV","Admin01":"El Salvador","Admin02":"La Libertad","Confidence":"High","Marin_Reg0":"North Pacific Ocean","Marin_Reg1":"North Pacific Ocean","SIZE":59.2370964108,"MSLT":4.6740350723299997,"SWHS":0.77030110359199999,"TIDE":2.2188663482700002,"GCL2020":"Rocky","COASTSP":"Rocky"}},{"type":"Feature","id":275,"geometry":{"type":"Point","coordinates":[-89.405291499602981,13.494272100177341]},"properties":{"FID":275,"Name":"Near Puerto Vikingo Pool","Date":" ","CODSP":"SLV-038","Contr_Id":"SLV","Admin01":"El Salvador","Admin02":"La Libertad","Confidence":"High","Marin_Reg0":"North Pacific Ocean","Marin_Reg1":"North Pacific Ocean","SIZE":201.70217689500001,"MSLT":4.6740350723299997,"SWHS":0.77030110359199999,"TIDE":2.20023441315,"GCL2020":"Rocky","COASTSP":"Rocky"}},{"type":"Feature","id":276,"geometry":{"type":"Point","coordinates":[-89.816735700092408,13.53169179963686]},"properties":{"FID":276,"Name":"Piscina De Agua Salada - Royal Decameron Salintas","Date":" ","CODSP":"SLV-040","Contr_Id":"SLV","Admin01":"El Salvador","Admin02":"Sonsonate","Confidence":"High","Marin_Reg0":"North Pacific Ocean","Marin_Reg1":"North Pacific Ocean","SIZE":1747.80093833,"MSLT":4.7695608139000001,"SWHS":0.92276692390399995,"TIDE":2.1159179210699999,"GCL2020":"Rocky","COASTSP":"Mixed (rocky/sandy)"}},{"type":"Feature","id":277,"geometry":{"type":"Point","coordinates":[-82.434837281910177,23.118259427781936]},"properties":{"FID":277,"Name":"Be Live Havana City Copacabana Pool","Date":" ","CODSP":"CUB-004","Contr_Id":"CUB","Admin01":"Cuba","Admin02":"La Habana","Confidence":"High","Marin_Reg0":"North Atlantic Ocean","Marin_Reg1":"North Atlantic Ocean","SIZE":277.135478148,"MSLT":5.9644002914399996,"SWHS":0.68546223640399995,"TIDE":0.656672000885,"GCL2020":"Rocky","COASTSP":"Mixed (rocky/artificial)"}},{"type":"Feature","id":278,"geometry":{"type":"Point","coordinates":[-82.423946200256864,23.126772700199979]},"properties":{"FID":278,"Name":"Spa RENAISSANCE pool","Date":" ","CODSP":"CUB-012","Contr_Id":"CUB","Admin01":"Cuba","Admin02":"La Habana","Confidence":"High","Marin_Reg0":"North Atlantic Ocean","Marin_Reg1":"North Atlantic Ocean","SIZE":1390.1295562,"MSLT":5.9644002914399996,"SWHS":0.68546223640399995,"TIDE":0.656672000885,"GCL2020":"Rocky","COASTSP":"Mixed (rocky/artificial)"}},{"type":"Feature","id":279,"geometry":{"type":"Point","coordinates":[-82.418033999569332,23.131185099712752]},"properties":{"FID":279,"Name":"Residencial Habana Pool","Date":" ","CODSP":"CUB-010","Contr_Id":"CUB","Admin01":"Cuba","Admin02":"La Habana","Confidence":"High","Marin_Reg0":"North Atlantic Ocean","Marin_Reg1":"North Atlantic Ocean","SIZE":10905.729610099999,"MSLT":5.9644002914399996,"SWHS":0.68546223640399995,"TIDE":0.656672000885,"GCL2020":"Rocky","COASTSP":"Mixed (artificial/rocky)"}},{"type":"Feature","id":280,"geometry":{"type":"Point","coordinates":[-82.452735999966308,23.101176900293694]},"properties":{"FID":280,"Name":"Abreu Fontán Pool","Date":" ","CODSP":"CUB-001","Contr_Id":"CUB","Admin01":"Cuba","Admin02":"La Habana","Confidence":"High","Marin_Reg0":"North Atlantic Ocean","Marin_Reg1":"North Atlantic Ocean","SIZE":11045.908144000001,"MSLT":5.9644002914399996,"SWHS":0.68546223640399995,"TIDE":0.65432447195099996,"GCL2020":"Rocky","COASTSP":"Rocky"}},{"type":"Feature","id":281,"geometry":{"type":"Point","coordinates":[-82.486266554167685,23.093241878894275]},"properties":{"FID":281,"Name":"Playa de Jaimanitas Pool","Date":" ","CODSP":"CUB-009","Contr_Id":"CUB","Admin01":"Cuba","Admin02":"La Habana","Confidence":"High","Marin_Reg0":"North Atlantic Ocean","Marin_Reg1":"North Atlantic Ocean","SIZE":13881.9285557,"MSLT":5.9644002914399996,"SWHS":0.68546223640399995,"TIDE":0.65368914604200001,"GCL2020":"Rocky","COASTSP":"Mixed (sandy/rocky)"}},{"type":"Feature","id":282,"geometry":{"type":"Point","coordinates":[-38.479838200072834,-13.015777500031561]},"properties":{"FID":282,"Name":"Praia de Amaralina Pool","Date":" ","CODSP":"BRA-002","Contr_Id":"BRA","Admin01":"Brazil","Admin02":"Bahia","Confidence":"High","Marin_Reg0":"South Atlantic Ocean","Marin_Reg1":"South Atlantic Ocean","SIZE":2665.9670035600002,"MSLT":3.3561809063000001,"SWHS":1.04276204109,"TIDE":2.1059789657599999,"GCL2020":"Artificial","COASTSP":"Mixed (rocky/sandy)"}},{"type":"Feature","id":283,"geometry":{"type":"Point","coordinates":[-38.511058000326386,-13.01232700009092]},"properties":{"FID":283,"Name":"Praia de Ondina Pool","Date":" ","CODSP":"BRA-003","Contr_Id":"BRA","Admin01":"Brazil","Admin02":"Bahia","Confidence":"High","Marin_Reg0":"South Atlantic Ocean","Marin_Reg1":"South Atlantic Ocean","SIZE":186.00247143799999,"MSLT":3.3320181369799999,"SWHS":0.81046223640399995,"TIDE":2.1631178855900002,"GCL2020":"Artificial","COASTSP":"Rocky"}},{"type":"Feature","id":284,"geometry":{"type":"Point","coordinates":[-17.335241200121231,28.164678699862179]},"properties":{"FID":284,"Name":"Charco de Alojera","Date":"1986-1994","CODSP":"ESP-005","Contr_Id":"ESP","Admin01":"Spain","Admin02":"Canarias","Confidence":"High","Marin_Reg0":"North Atlantic Ocean","Marin_Reg1":"North Atlantic Ocean","SIZE":2199.9910218099999,"MSLT":4.7304039001499998,"SWHS":1.32852864265,"TIDE":1.9931701421700001,"GCL2020":"NaN","COASTSP":"Mixed (pebbly/rocky)"}},{"type":"Feature","id":285,"geometry":{"type":"Point","coordinates":[-17.172443300018188,28.179190100143046]},"properties":{"FID":285,"Name":"Piscina Natural de Hermigua","Date":"1960s","CODSP":"ESP-063","Contr_Id":"ESP","Admin01":"Spain","Admin02":"Canarias","Confidence":"High","Marin_Reg0":"North Atlantic Ocean","Marin_Reg1":"North Atlantic Ocean","SIZE":2211.3950814200002,"MSLT":4.9584684371899996,"SWHS":1.67630696297,"TIDE":2.0474424362199999,"GCL2020":"NaN","COASTSP":"Rocky"}},{"type":"Feature","id":286,"geometry":{"type":"Point","coordinates":[-18.004638899965244,28.75327690040865]},"properties":{"FID":286,"Name":"Piscinas naturales Puntagorda (Porís Puntagorda)","Date":" ","CODSP":"ESP-094","Contr_Id":"ESP","Admin01":"Spain","Admin02":"Canarias","Confidence":"High","Marin_Reg0":"North Atlantic Ocean","Marin_Reg1":"North Atlantic Ocean","SIZE":32.710082689399997,"MSLT":5.0028162002599998,"SWHS":2.14017415047,"TIDE":1.9387646913500001,"GCL2020":"NaN","COASTSP":"Rocky"}},{"type":"Feature","id":287,"geometry":{"type":"Point","coordinates":[14.426482500067436,35.959888400429463]},"properties":{"FID":287,"Name":"Qawra Pool","Date":" ","CODSP":"MLT-003","Contr_Id":"MLT","Admin01":"Malta","Admin02":"Saint Paul's Bay","Confidence":"High","Marin_Reg0":"Mediterranean region","Marin_Reg1":"Mediterranean Sea - Eastern Basin","SIZE":1291.7925023400001,"MSLT":4.7110867500299998,"SWHS":1.87808918953,"TIDE":0.23490782082100001,"GCL2020":"NaN","COASTSP":"Rocky"}},{"type":"Feature","id":288,"geometry":{"type":"Point","coordinates":[14.355742891821137,35.990287628671297]},"properties":{"FID":288,"Name":"Armier bay Pool","Date":" ","CODSP":"MLT-001","Contr_Id":"MLT","Admin01":"Malta","Admin02":"Northern","Confidence":"High","Marin_Reg0":"Mediterranean region","Marin_Reg1":"Mediterranean Sea - Eastern Basin","SIZE":209.209614886,"MSLT":4.7110867500299998,"SWHS":1.87808918953,"TIDE":0.24463617801699999,"GCL2020":"NaN","COASTSP":"Mixed (artificial/rocky)"}},{"type":"Feature","id":289,"geometry":{"type":"Point","coordinates":[14.552463300441048,35.885789600409851]},"properties":{"FID":289,"Name":"Xghajra Beach pool","Date":" ","CODSP":"MLT-008","Contr_Id":"MLT","Admin01":"Malta","Admin02":"Port","Confidence":"High","Marin_Reg0":"Mediterranean region","Marin_Reg1":"Mediterranean Sea - Eastern Basin","SIZE":168.98942938900001,"MSLT":4.6544017791699996,"SWHS":1.7723762989,"TIDE":0.25062707066500001,"GCL2020":"NaN","COASTSP":"Rocky"}},{"type":"Feature","id":290,"geometry":{"type":"Point","coordinates":[14.513341448645576,35.905706159777992]},"properties":{"FID":290,"Name":"Tigné pool","Date":" ","CODSP":"MLT-007","Contr_Id":"MLT","Admin01":"Malta","Admin02":"Eastern","Confidence":"High","Marin_Reg0":"Mediterranean region","Marin_Reg1":"Mediterranean Sea - Eastern Basin","SIZE":122.71189586600001,"MSLT":4.6544017791699996,"SWHS":1.7723762989,"TIDE":0.24461394548400001,"GCL2020":"NaN","COASTSP":"Rocky"}},{"type":"Feature","id":291,"geometry":{"type":"Point","coordinates":[14.50763000012455,35.911581400361456]},"properties":{"FID":291,"Name":"Sliema beach pools","Date":" ","CODSP":"MLT-006","Contr_Id":"MLT","Admin01":"Malta","Admin02":"Eastern","Confidence":"High","Marin_Reg0":"Mediterranean region","Marin_Reg1":"Mediterranean Sea - Eastern Basin","SIZE":303.764835839,"MSLT":4.6544017791699996,"SWHS":1.7723762989,"TIDE":0.24461394548400001,"GCL2020":"NaN","COASTSP":"Rocky"}},{"type":"Feature","id":292,"geometry":{"type":"Point","coordinates":[-89.375308900285461,13.491999200402802]},"properties":{"FID":292,"Name":"El Tunco (4)","Date":" ","CODSP":"SLV-032","Contr_Id":"SLV","Admin01":"El Salvador","Admin02":"La Libertad","Confidence":"High","Marin_Reg0":"North Pacific Ocean","Marin_Reg1":"North Pacific Ocean","SIZE":38.927959999999999,"MSLT":4.6740350723299997,"SWHS":0.77030110359199999,"TIDE":2.2062644958500002,"GCL2020":"Rocky","COASTSP":"Rocky"}},{"type":"Feature","id":293,"geometry":{"type":"Point","coordinates":[-122.51382170001136,37.780069199733873]},"properties":{"FID":293,"Name":"Sutro Baths","Date":"1890s","CODSP":"USA-009","Contr_Id":"USA","Admin01":"United States","Admin02":"California","Confidence":"High","Marin_Reg0":"North Pacific Ocean","Marin_Reg1":"North Pacific Ocean","SIZE":2936.6644292199999,"MSLT":4.4024958610500002,"SWHS":1.66629719734,"TIDE":2.5880315303799999,"GCL2020":"Sandy","COASTSP":"Mixed (artificial/sandy)"}},{"type":"Feature","id":294,"geometry":{"type":"Point","coordinates":[153.59406612185421,-28.865544712118719]},"properties":{"FID":294,"Name":"Ballina Wading pool","Date":" ","CODSP":"AUS-007","Contr_Id":"AUS","Admin01":"Australia","Admin02":"New South Wales","Confidence":"High","Marin_Reg0":"South Pacific Ocean","Marin_Reg1":"Coral Sea","SIZE":614.70816966100006,"MSLT":3.1498112678500001,"SWHS":1.22330403328,"TIDE":1.9302585125,"GCL2020":"Sandy","COASTSP":"Mixed (rocky/sandy)"}},{"type":"Feature","id":295,"geometry":{"type":"Point","coordinates":[151.28232943460705,-33.891212488057079]},"properties":{"FID":295,"Name":"North Bondi Children's Pool","Date":"1947/2019","CODSP":"AUS-048","Contr_Id":"AUS","Admin01":"Australia","Admin02":"New South Wales","Confidence":"High","Marin_Reg0":"South Pacific Ocean","Marin_Reg1":"Tasman Sea","SIZE":406.360204205,"MSLT":3.2987504005399999,"SWHS":1.24982380867,"TIDE":1.7326627969699999,"GCL2020":"Artificial","COASTSP":"Mixed (sandy/rocky)"}},{"type":"Feature","id":296,"geometry":{"type":"Point","coordinates":[151.23079889964959,-33.870601300409589]},"properties":{"FID":296,"Name":"Private Ocean Pool","Date":" ","CODSP":"AUS-057","Contr_Id":"AUS","Admin01":"Australia","Admin02":"New South Wales","Confidence":"High","Marin_Reg0":"South Pacific Ocean","Marin_Reg1":"Tasman Sea","SIZE":243.31272695499999,"MSLT":4.6249294280999997,"SWHS":1.24982380867,"TIDE":1.7341717481600001,"GCL2020":"Artificial","COASTSP":"Rocky"}},{"type":"Feature","id":297,"geometry":{"type":"Point","coordinates":[151.5695798995929,-33.278930100243826]},"properties":{"FID":297,"Name":"Norah Head Rockpool","Date":"1970s","CODSP":"AUS-047","Contr_Id":"AUS","Admin01":"Australia","Admin02":"New South Wales","Confidence":"High","Marin_Reg0":"South Pacific Ocean","Marin_Reg1":"Tasman Sea","SIZE":1447.3480346599999,"MSLT":3.12480688095,"SWHS":1.06131672859,"TIDE":1.7690260410300001,"GCL2020":"Artificial","COASTSP":"Mixed (rocky/sandy)"}},{"type":"Feature","id":298,"geometry":{"type":"Point","coordinates":[-117.7390892003063,33.492632099691775]},"properties":{"FID":298,"Name":"Pool Laguna beach (ruina)","Date":" ","CODSP":"USA-008","Contr_Id":"USA","Admin01":"United States","Admin02":"California","Confidence":"High","Marin_Reg0":"North Pacific Ocean","Marin_Reg1":"North Pacific Ocean","SIZE":273.19371275899999,"MSLT":5.3120689392099996,"SWHS":1.0615202188499999,"TIDE":2.48833227158,"GCL2020":"Artificial","COASTSP":"Mixed (rocky/sandy)"}},{"type":"Feature","id":299,"geometry":{"type":"Point","coordinates":[18.854237499561009,-34.24770159974895]},"properties":{"FID":299,"Name":"Kogelbaai Tidal Pool / Sparks bay tidal pool","Date":"1988-1996","CODSP":"ZAF-043","Contr_Id":"ZAF","Admin01":"South Africa","Admin02":"Western Cape","Confidence":"High","Marin_Reg0":"South Atlantic Ocean","Marin_Reg1":"South Atlantic Ocean","SIZE":4624.2903327699996,"MSLT":2.92528963089,"SWHS":1.8231575489,"TIDE":1.6397057771700001,"GCL2020":"Rocky","COASTSP":"Mixed (rocky/sandy)"}},{"type":"Feature","id":300,"geometry":{"type":"Point","coordinates":[30.302077500276482,-30.953037499880622]},"properties":{"FID":300,"Name":"Trafalgar Tidal pool","Date":" ","CODSP":"ZAF-097","Contr_Id":"ZAF","Admin01":"South Africa","Admin02":"Kwa-Zulu Natal","Confidence":"High","Marin_Reg0":"Indian Ocean","Marin_Reg1":"Indian Ocean","SIZE":333.73346491400002,"MSLT":3.8067326545700002,"SWHS":1.84049153328,"TIDE":1.79405605793,"GCL2020":"Sandy","COASTSP":"Mixed (sandy/rocky)"}},{"type":"Feature","id":301,"geometry":{"type":"Point","coordinates":[30.510411600015402,-30.675579399669516]},"properties":{"FID":301,"Name":"Anerley beach Pool","Date":"1950s","CODSP":"ZAF-001","Contr_Id":"ZAF","Admin01":"South Africa","Admin02":"Kwa-Zulu Natal","Confidence":"High","Marin_Reg0":"Indian Ocean","Marin_Reg1":"Indian Ocean","SIZE":376.60668346099999,"MSLT":3.6854782104499999,"SWHS":1.98770833015,"TIDE":1.8082050085100001,"GCL2020":"Sandy","COASTSP":"Mixed (rocky/sandy)"}},{"type":"Feature","id":302,"geometry":{"type":"Point","coordinates":[30.873184299815705,-30.078583300179105]},"properties":{"FID":302,"Name":"Baggies Beach Tidal pool","Date":" ","CODSP":"ZAF-002","Contr_Id":"ZAF","Admin01":"South Africa","Admin02":"Kwa-Zulu Natal","Confidence":"High","Marin_Reg0":"Indian Ocean","Marin_Reg1":"Indian Ocean","SIZE":386.07804974700002,"MSLT":3.4397919178,"SWHS":1.47891926765,"TIDE":1.8434872627300001,"GCL2020":"Sandy","COASTSP":"Mixed (rocky/sandy)"}},{"type":"Feature","id":303,"geometry":{"type":"Point","coordinates":[31.226165200064031,-29.527862699703746]},"properties":{"FID":303,"Name":"Willard Tidal Pool","Date":" ","CODSP":"ZAF-103","Contr_Id":"ZAF","Admin01":"South Africa","Admin02":"Kwa-Zulu Natal","Confidence":"High","Marin_Reg0":"Indian Ocean","Marin_Reg1":"Indian Ocean","SIZE":53.794939161499997,"MSLT":3.3088603019699998,"SWHS":1.57279133797,"TIDE":1.90308439732,"GCL2020":"Sandy","COASTSP":"Mixed (rocky/sandy)"}},{"type":"Feature","id":304,"geometry":{"type":"Point","coordinates":[151.43739860016535,-33.47018599968402]},"properties":{"FID":304,"Name":"Avoca Beach Rockpool","Date":"1940s","CODSP":"AUS-006","Contr_Id":"AUS","Admin01":"Australia","Admin02":"New South Wales","Confidence":"High","Marin_Reg0":"South Pacific Ocean","Marin_Reg1":"Tasman Sea","SIZE":2918.8514285599999,"MSLT":5.1484642028799996,"SWHS":1.0710417032199999,"TIDE":1.75893461704,"GCL2020":"Artificial","COASTSP":"Mixed (rocky/sandy)"}},{"type":"Feature","id":305,"geometry":{"type":"Point","coordinates":[151.28228799969156,-33.891498999679072]},"properties":{"FID":305,"Name":"Wally Weekes Ocean Pool","Date":"1920s","CODSP":"AUS-070","Contr_Id":"AUS","Admin01":"Australia","Admin02":"New South Wales","Confidence":"High","Marin_Reg0":"South Pacific Ocean","Marin_Reg1":"Tasman Sea","SIZE":211.08769420900001,"MSLT":3.2987504005399999,"SWHS":1.24982380867,"TIDE":1.7326627969699999,"GCL2020":"Artificial","COASTSP":"Mixed (sandy/rocky)"}},{"type":"Feature","id":306,"geometry":{"type":"Point","coordinates":[-15.68180058612802,27.755706850742229]},"properties":{"FID":306,"Name":"Piscina del Perchel","Date":"2023","CODSP":"ESP-047","Contr_Id":"ESP","Admin01":"Spain","Admin02":"Canarias","Confidence":"High","Marin_Reg0":"North Atlantic Ocean","Marin_Reg1":"North Atlantic Ocean","SIZE":395.73580440000001,"MSLT":4.7565026283299998,"SWHS":1.23465657234,"TIDE":2.0897977352099999,"GCL2020":"NaN","COASTSP":"Artificial"}},{"type":"Feature","id":307,"geometry":{"type":"Point","coordinates":[-15.684550277673054,28.169844610740085]},"properties":{"FID":307,"Name":"Charcón de Galdar - Piscina Natural Punta de Gáldar.","Date":"1980s","CODSP":"ESP-035","Contr_Id":"ESP","Admin01":"Spain","Admin02":"Canarias","Confidence":"High","Marin_Reg0":"North Atlantic Ocean","Marin_Reg1":"North Atlantic Ocean","SIZE":272.18211344999997,"MSLT":4.3259725570700001,"SWHS":1.23465657234,"TIDE":2.30315065384,"GCL2020":"NaN","COASTSP":"Rocky"}},{"type":"Feature","id":308,"geometry":{"type":"Point","coordinates":[-16.426130185835518,28.166048514913825]},"properties":{"FID":308,"Name":"Charco Poris de Abona","Date":"1980s","CODSP":"ESP-030","Contr_Id":"ESP","Admin01":"Spain","Admin02":"Canarias","Confidence":"High","Marin_Reg0":"North Atlantic Ocean","Marin_Reg1":"North Atlantic Ocean","SIZE":289.92494137400001,"MSLT":4.70463514328,"SWHS":1.23465657234,"TIDE":2.0418815612799999,"GCL2020":"NaN","COASTSP":"Rocky"}},{"type":"Feature","id":309,"geometry":{"type":"Point","coordinates":[-16.383894321634557,28.275300690033816]},"properties":{"FID":309,"Name":"Charco del Espigón (1)","Date":"1970s","CODSP":"ESP-022","Contr_Id":"ESP","Admin01":"Spain","Admin02":"Canarias","Confidence":"High","Marin_Reg0":"North Atlantic Ocean","Marin_Reg1":"North Atlantic Ocean","SIZE":316.679555424,"MSLT":4.5854716300999998,"SWHS":1.52872395515,"TIDE":2.0802335739100002,"GCL2020":"NaN","COASTSP":"Rocky"}},{"type":"Feature","id":310,"geometry":{"type":"Point","coordinates":[-16.361636000201202,28.374517799756745]},"properties":{"FID":310,"Name":"Piscina Baja de Pulido (1)","Date":"1980s","CODSP":"ESP-043","Contr_Id":"ESP","Admin01":"Spain","Admin02":"Canarias","Confidence":"High","Marin_Reg0":"North Atlantic Ocean","Marin_Reg1":"North Atlantic Ocean","SIZE":116.470206408,"MSLT":4.5854716300999998,"SWHS":1.52872395515,"TIDE":2.1164500713300001,"GCL2020":"NaN","COASTSP":"Mixed (rocky/sandy)"}},{"type":"Feature","id":311,"geometry":{"type":"Point","coordinates":[-16.36091319978425,28.376911099867527]},"properties":{"FID":311,"Name":"Piscina Baja de Pulido (2)","Date":"1964-1987","CODSP":"ESP-044","Contr_Id":"ESP","Admin01":"Spain","Admin02":"Canarias","Confidence":"High","Marin_Reg0":"North Atlantic Ocean","Marin_Reg1":"North Atlantic Ocean","SIZE":409.08617701700001,"MSLT":4.5854716300999998,"SWHS":1.52872395515,"TIDE":2.1164500713300001,"GCL2020":"NaN","COASTSP":"Rocky"}},{"type":"Feature","id":312,"geometry":{"type":"Point","coordinates":[-6.1286059823954702,53.29220514166326]},"properties":{"FID":312,"Name":"Dublin lost pool","Date":" ","CODSP":"IRL-002","Contr_Id":"IRL","Admin01":"Ireland","Admin02":"Dublin","Confidence":"High","Marin_Reg0":"North Atlantic Ocean","Marin_Reg1":"Irish Sea and St. George's Channel","SIZE":870.52673952199996,"MSLT":4.6033487319899997,"SWHS":1.02359700203,"TIDE":3.7653794288600002,"GCL2020":"Artificial","COASTSP":"Mixed (rocky/artificial)"}},{"type":"Feature","id":313,"geometry":{"type":"Point","coordinates":[-82.420619599914573,23.129224000287479]},"properties":{"FID":313,"Name":"Piscina en Miramar","Date":" ","CODSP":"CUB-008","Contr_Id":"CUB","Admin01":"Cuba","Admin02":"La Habana","Confidence":"High","Marin_Reg0":"North Atlantic Ocean","Marin_Reg1":"North Atlantic Ocean","SIZE":38.239478736199999,"MSLT":5.9644002914399996,"SWHS":0.68546223640399995,"TIDE":0.656672000885,"GCL2020":"Rocky","COASTSP":"Mixed (rocky/artificial)"}},{"type":"Feature","id":314,"geometry":{"type":"Point","coordinates":[55.225798699950076,-21.026870800447057]},"properties":{"FID":314,"Name":"Piscine Naturelle Boucan Canot","Date":" ","CODSP":"REU-002","Contr_Id":"REU","Admin01":"Réunion (France)","Admin02":"Réunion","Confidence":"High","Marin_Reg0":"Indian Ocean","Marin_Reg1":"Indian Ocean","SIZE":613.58343223400004,"MSLT":4.7005076408399997,"SWHS":1.5155403614,"TIDE":0.67383879423100002,"GCL2020":"NaN","COASTSP":"Mixed (rocky/sandy)"}},{"type":"Feature","id":315,"geometry":{"type":"Point","coordinates":[55.588394000383005,-21.373297099881086]},"properties":{"FID":315,"Name":"Bassin de Manapany","Date":" ","CODSP":"REU-001","Contr_Id":"REU","Admin01":"Réunion (France)","Admin02":"Réunion","Confidence":"High","Marin_Reg0":"Indian Ocean","Marin_Reg1":"Indian Ocean","SIZE":4555.56564832,"MSLT":4.3966131210299997,"SWHS":1.95084309578,"TIDE":0.75705564022100003,"GCL2020":"NaN","COASTSP":"Mixed (rocky/pebbly)"}},{"type":"Feature","id":316,"geometry":{"type":"Point","coordinates":[-4.6842768361926233,54.227255815867977]},"properties":{"FID":316,"Name":"Peel pool (abandoned)","Date":"1896","CODSP":"IMN-001","Contr_Id":"IMN","Admin01":"Isle of Man","Admin02":"Peel","Confidence":"High","Marin_Reg0":"North Atlantic Ocean","Marin_Reg1":"Irish Sea and St. George's Channel","SIZE":891.66202020200001,"MSLT":4.7436313629200004,"SWHS":1.16873860359,"TIDE":5.1133861541699996,"GCL2020":"NaN","COASTSP":"Rocky"}},{"type":"Feature","id":317,"geometry":{"type":"Point","coordinates":[6.8366889363036307,43.41653981281803]},"properties":{"FID":317,"Name":"Les Roches Rouges, Saint Raphael, a Beaumier Hotel Pool","Date":"1950s","CODSP":"FRA-004","Contr_Id":"FRA","Admin01":"France","Admin02":"Provence-Alpes-Côte d'Azur","Confidence":"High","Marin_Reg0":"Mediterranean region","Marin_Reg1":"Mediterranean Sea - Western Basin","SIZE":270.89927705899999,"MSLT":4.1305241584800001,"SWHS":0.70938801765399995,"TIDE":0.30569565296200002,"GCL2020":"Rocky","COASTSP":"Mixed (rocky/artificial)"}},{"type":"Feature","id":318,"geometry":{"type":"Point","coordinates":[126.51323010018905,33.233270699982938]},"properties":{"FID":318,"Name":"Beophwan Pools","Date":"2007-2011","CODSP":"KOR-001","Contr_Id":"KOR","Admin01":"Republic of Korea","Admin02":"Cheju-do","Confidence":"High","Marin_Reg0":"North Pacific Ocean","Marin_Reg1":"Japan Sea","SIZE":660.47310933100005,"MSLT":2.6684608459499999,"SWHS":1.37967610359,"TIDE":3.02077913284,"GCL2020":"NaN","COASTSP":"Rocky"}},{"type":"Feature","id":319,"geometry":{"type":"Point","coordinates":[126.23116360042002,33.389364899770385]},"properties":{"FID":319,"Name":"Here Now Jeju","Date":" ","CODSP":"KOR-002","Contr_Id":"KOR","Admin01":"Republic of Korea","Admin02":"Cheju-do","Confidence":"High","Marin_Reg0":"North Pacific Ocean","Marin_Reg1":"Japan Sea","SIZE":41.5603182475,"MSLT":2.8863644599899998,"SWHS":1.73184895515,"TIDE":2.9614968299900002,"GCL2020":"NaN","COASTSP":"Mixed (artificial/rocky)"}},{"type":"Feature","id":320,"geometry":{"type":"Point","coordinates":[126.5681349000057,33.242342200132555]},"properties":{"FID":320,"Name":"Jaguri\u00A0","Date":"2000s","CODSP":"KOR-004","Contr_Id":"KOR","Admin01":"Republic of Korea","Admin02":"Cheju-do","Confidence":"High","Marin_Reg0":"North Pacific Ocean","Marin_Reg1":"Japan Sea","SIZE":74.755730329900004,"MSLT":2.6684608459499999,"SWHS":1.37967610359,"TIDE":3.0071489810899998,"GCL2020":"NaN","COASTSP":"Rocky"}},{"type":"Feature","id":321,"geometry":{"type":"Point","coordinates":[126.38958282198985,33.237111572241361]},"properties":{"FID":321,"Name":"Yerae Dong (1)","Date":" ","CODSP":"KOR-005","Contr_Id":"KOR","Admin01":"Republic of Korea","Admin02":"Cheju-do","Confidence":"High","Marin_Reg0":"North Pacific Ocean","Marin_Reg1":"Japan Sea","SIZE":1576.61018431,"MSLT":2.7040510177599999,"SWHS":1.73184895515,"TIDE":3.0610873699200001,"GCL2020":"NaN","COASTSP":"Rocky"}},{"type":"Feature","id":322,"geometry":{"type":"Point","coordinates":[-157.79083219974621,21.256365600092465]},"properties":{"FID":322,"Name":"Black Point Infinity Salt Water Pool","Date":" ","CODSP":"USA-003","Contr_Id":"USA","Admin01":"United States","Admin02":"Hawaii","Confidence":"High","Marin_Reg0":"North Pacific Ocean","Marin_Reg1":"North Pacific Ocean","SIZE":75.846203895299993,"MSLT":3.6632311344100001,"SWHS":2.0028450488999998,"TIDE":0.93154013156899995,"GCL2020":"NaN","COASTSP":"Rocky"}},{"type":"Feature","id":323,"geometry":{"type":"Point","coordinates":[-171.92180969985773,-14.001377500371291]},"properties":{"FID":323,"Name":"Salamumu Beach Pool","Date":" ","CODSP":"WSM-001","Contr_Id":"WSM","Admin01":"Samoa","Admin02":"Tuamasaga","Confidence":"High","Marin_Reg0":"South Pacific Ocean","Marin_Reg1":"South Pacific Ocean","SIZE":639.68930355199996,"MSLT":3.1552922725700001,"SWHS":1.29923176765,"TIDE":1.1135317087200001,"GCL2020":"NaN","COASTSP":"Mixed (rocky/sandy)"}},{"type":"Feature","id":324,"geometry":{"type":"Point","coordinates":[144.74778659977198,13.271625600341338]},"properties":{"FID":324,"Name":"Piscina Natural de Inarajan","Date":" ","CODSP":"USA-007","Contr_Id":"USA","Admin01":"United States","Admin02":"Guam","Confidence":"High","Marin_Reg0":"North Pacific Ocean","Marin_Reg1":"North Pacific Ocean","SIZE":363.76329633500001,"MSLT":2.4207570552800002,"SWHS":1.57535481453,"TIDE":0.98562151193600001,"GCL2020":"NaN","COASTSP":"Rocky"}},{"type":"Feature","id":325,"geometry":{"type":"Point","coordinates":[14.543391499917789,-22.809049500234153]},"properties":{"FID":325,"Name":"Langstrand Pool","Date":"1980s","CODSP":"NAM-001","Contr_Id":"NAM","Admin01":"Namibia","Admin02":"Erongo","Confidence":"High","Marin_Reg0":"South Atlantic Ocean","Marin_Reg1":"South Atlantic Ocean","SIZE":4046.3214976099998,"MSLT":3.6867110729200001,"SWHS":1.00296711922,"TIDE":1.511521101,"GCL2020":"Rocky","COASTSP":"Mixed (sandy/artificial)"}},{"type":"Feature","id":326,"geometry":{"type":"Point","coordinates":[-15.7021899004435,28.163869099579358]},"properties":{"FID":326,"Name":"Charco del Burgadito - Barranquillo el Vino","Date":"1980s","CODSP":"ESP-021","Contr_Id":"ESP","Admin01":"Spain","Admin02":"Canarias","Confidence":"High","Marin_Reg0":"North Atlantic Ocean","Marin_Reg1":"North Atlantic Ocean","SIZE":3816.3985549099998,"MSLT":4.3259725570700001,"SWHS":1.23465657234,"TIDE":2.30315065384,"GCL2020":"NaN","COASTSP":"Rocky"}},{"type":"Feature","id":327,"geometry":{"type":"Point","coordinates":[27.87387699962386,-33.052556700131447]},"properties":{"FID":327,"Name":"East London Water world Tidal pool","Date":" ","CODSP":"ZAF-016","Contr_Id":"ZAF","Admin01":"South Africa","Admin02":"Eastern Cape","Confidence":"High","Marin_Reg0":"Indian Ocean","Marin_Reg1":"Indian Ocean","SIZE":11843.848153000001,"MSLT":3.7411952018700001,"SWHS":1.95343708992,"TIDE":1.6987730264700001,"GCL2020":"Sandy","COASTSP":"Mixed (rocky/sandy)"}},{"type":"Feature","id":328,"geometry":{"type":"Point","coordinates":[27.849610600049289,-33.066826600067429]},"properties":{"FID":328,"Name":"East London Siyakha Tidal Pool","Date":" ","CODSP":"ZAF-015","Contr_Id":"ZAF","Admin01":"South Africa","Admin02":"Eastern Cape","Confidence":"High","Marin_Reg0":"Indian Ocean","Marin_Reg1":"Indian Ocean","SIZE":3598.16745726,"MSLT":3.7411952018700001,"SWHS":1.95343708992,"TIDE":1.6985150575600001,"GCL2020":"Sandy","COASTSP":"Mixed (rocky/sandy)"}},{"type":"Feature","id":329,"geometry":{"type":"Point","coordinates":[25.652077600401014,-33.977361999556535]},"properties":{"FID":329,"Name":"King's Beach Pool","Date":" ","CODSP":"ZAF-040","Contr_Id":"ZAF","Admin01":"South Africa","Admin02":"Eastern Cape","Confidence":"High","Marin_Reg0":"Indian Ocean","Marin_Reg1":"Indian Ocean","SIZE":1932.8043156000001,"MSLT":3.8769545555099998,"SWHS":1.76822590828,"TIDE":1.7241920232800001,"GCL2020":"Sandy","COASTSP":"Mixed (sandy/rocky)"}},{"type":"Feature","id":330,"geometry":{"type":"Point","coordinates":[25.555058499750146,-34.044124599770441]},"properties":{"FID":330,"Name":"Mangolds Caravan Park Tidal Pool\u00A0","Date":" ","CODSP":"ZAF-052","Contr_Id":"ZAF","Admin01":"South Africa","Admin02":"Eastern Cape","Confidence":"High","Marin_Reg0":"Indian Ocean","Marin_Reg1":"Indian Ocean","SIZE":1592.6764242700001,"MSLT":3.8183929920200002,"SWHS":1.76822590828,"TIDE":1.68715190887,"GCL2020":"Sandy","COASTSP":"Rocky"}},{"type":"Feature","id":331,"geometry":{"type":"Point","coordinates":[20.02683499973557,-34.822165500137658]},"properties":{"FID":331,"Name":"Soldate Poel (Tidal Pool)","Date":"1930s","CODSP":"ZAF-084","Contr_Id":"ZAF","Admin01":"South Africa","Admin02":"Western Cape","Confidence":"High","Marin_Reg0":"Indian Ocean","Marin_Reg1":"Indian Ocean","SIZE":471.59376581399999,"MSLT":3.74072098732,"SWHS":1.95621418953,"TIDE":1.83094990253,"GCL2020":"Rocky","COASTSP":"Rocky"}},{"type":"Feature","id":332,"geometry":{"type":"Point","coordinates":[20.013911099817506,-34.827499899900374]},"properties":{"FID":332,"Name":"L'Agulhas tidal pool (2)","Date":" ","CODSP":"ZAF-046","Contr_Id":"ZAF","Admin01":"South Africa","Admin02":"Western Cape","Confidence":"High","Marin_Reg0":"Indian Ocean","Marin_Reg1":"Indian Ocean","SIZE":207.73829814800001,"MSLT":3.74072098732,"SWHS":1.95621418953,"TIDE":1.8071993589399999,"GCL2020":"Rocky","COASTSP":"Rocky"}},{"type":"Feature","id":333,"geometry":{"type":"Point","coordinates":[19.346291400128109,-34.574491400157967]},"properties":{"FID":333,"Name":"Gansbaai Tidal Pool","Date":" ","CODSP":"ZAF-019","Contr_Id":"ZAF","Admin01":"South Africa","Admin02":"Western Cape","Confidence":"High","Marin_Reg0":"South Atlantic Ocean","Marin_Reg1":"South Atlantic Ocean","SIZE":565.86058793699999,"MSLT":3.9321784973099998,"SWHS":1.9694792032199999,"TIDE":1.635648489,"GCL2020":"Rocky","COASTSP":"Rocky"}},{"type":"Feature","id":334,"geometry":{"type":"Point","coordinates":[19.209760999970342,-34.436633900134268]},"properties":{"FID":334,"Name":"Zwelihle Tidal pool","Date":" ","CODSP":"ZAF-110","Contr_Id":"ZAF","Admin01":"South Africa","Admin02":"Western Cape","Confidence":"High","Marin_Reg0":"South Atlantic Ocean","Marin_Reg1":"South Atlantic Ocean","SIZE":335.36001959200001,"MSLT":3.8014996051800001,"SWHS":1.9694792032199999,"TIDE":1.6335244178799999,"GCL2020":"Rocky","COASTSP":"Rocky"}},{"type":"Feature","id":335,"geometry":{"type":"Point","coordinates":[19.207181100427476,-34.435655999824405]},"properties":{"FID":335,"Name":"Zwelihle Tidal pool 2","Date":" ","CODSP":"ZAF-111","Contr_Id":"ZAF","Admin01":"South Africa","Admin02":"Western Cape","Confidence":"High","Marin_Reg0":"South Atlantic Ocean","Marin_Reg1":"South Atlantic Ocean","SIZE":905.99981792300002,"MSLT":3.8014996051800001,"SWHS":1.9694792032199999,"TIDE":1.6335244178799999,"GCL2020":"Rocky","COASTSP":"Rocky"}},{"type":"Feature","id":336,"geometry":{"type":"Point","coordinates":[18.431693799829191,-34.168082299658352]},"properties":{"FID":336,"Name":"Shelley Point Tidal Pool","Date":" ","CODSP":"ZAF-080","Contr_Id":"ZAF","Admin01":"South Africa","Admin02":"Western Cape","Confidence":"High","Marin_Reg0":"South Atlantic Ocean","Marin_Reg1":"South Atlantic Ocean","SIZE":271.81472831899998,"MSLT":4.0327191352799998,"SWHS":1.96243977547,"TIDE":1.6573866605800001,"GCL2020":"Rocky","COASTSP":"Mixed (rocky/sandy)"}},{"type":"Feature","id":337,"geometry":{"type":"Point","coordinates":[18.476012499977003,-34.231270000310246]},"properties":{"FID":337,"Name":"Miller’s Point Tidal Pool","Date":"1960s","CODSP":"ZAF-057","Contr_Id":"ZAF","Admin01":"South Africa","Admin02":"Western Cape","Confidence":"High","Marin_Reg0":"South Atlantic Ocean","Marin_Reg1":"South Atlantic Ocean","SIZE":1798.9710623799999,"MSLT":4.0327191352799998,"SWHS":1.96243977547,"TIDE":1.6514029502900001,"GCL2020":"Rocky","COASTSP":"Rocky"}},{"type":"Feature","id":338,"geometry":{"type":"Point","coordinates":[18.461916599971175,-34.313390199897697]},"properties":{"FID":338,"Name":"Bordjiesrif Tidal Pool","Date":"1960s","CODSP":"ZAF-005","Contr_Id":"ZAF","Admin01":"South Africa","Admin02":"Western Cape","Confidence":"High","Marin_Reg0":"South Atlantic Ocean","Marin_Reg1":"South Atlantic Ocean","SIZE":1119.10816112,"MSLT":4.13025665283,"SWHS":1.96243977547,"TIDE":1.62325906754,"GCL2020":"Rocky","COASTSP":"Rocky"}},{"type":"Feature","id":339,"geometry":{"type":"Point","coordinates":[18.461261999641692,-34.320540300294454]},"properties":{"FID":339,"Name":"Buffels Bay Tidal Pool","Date":"1960s","CODSP":"ZAF-008","Contr_Id":"ZAF","Admin01":"South Africa","Admin02":"Western Cape","Confidence":"High","Marin_Reg0":"South Atlantic Ocean","Marin_Reg1":"South Atlantic Ocean","SIZE":1207.63357918,"MSLT":4.13025665283,"SWHS":1.96243977547,"TIDE":1.61057507992,"GCL2020":"Rocky","COASTSP":"Rocky"}},{"type":"Feature","id":340,"geometry":{"type":"Point","coordinates":[18.322281800364806,-34.154083600177955]},"properties":{"FID":340,"Name":"Kommetjie Tidal Pool\u00A0","Date":" ","CODSP":"ZAF-044","Contr_Id":"ZAF","Admin01":"South Africa","Admin02":"Western Cape","Confidence":"High","Marin_Reg0":"South Atlantic Ocean","Marin_Reg1":"South Atlantic Ocean","SIZE":1328.4822277599999,"MSLT":4.0327191352799998,"SWHS":1.77652668953,"TIDE":1.58140075207,"GCL2020":"Rocky","COASTSP":"Mixed (rocky/sandy)"}},{"type":"Feature","id":341,"geometry":{"type":"Point","coordinates":[18.378637499820854,-33.92101509996678]},"properties":{"FID":341,"Name":"Queen's Beach Pool","Date":"1990s","CODSP":"ZAF-072","Contr_Id":"ZAF","Admin01":"South Africa","Admin02":"Western Cape","Confidence":"High","Marin_Reg0":"South Atlantic Ocean","Marin_Reg1":"South Atlantic Ocean","SIZE":110.570314133,"MSLT":3.6732182502700002,"SWHS":1.77652668953,"TIDE":1.58913254738,"GCL2020":"Artificial","COASTSP":"Mixed (rocky/sandy)"}},{"type":"Feature","id":342,"geometry":{"type":"Point","coordinates":[-28.034664046008857,38.607146069935254]},"properties":{"FID":342,"Name":"Piscinas Naturales Fajana Grande","Date":" ","CODSP":"POR-037","Contr_Id":"POR","Admin01":"Portugal","Admin02":"Azores","Confidence":"High","Marin_Reg0":"North Atlantic Ocean","Marin_Reg1":"North Atlantic Ocean","SIZE":1255.8717414,"MSLT":5.6359782218900003,"SWHS":2.1417610645299998,"TIDE":1.33735215664,"GCL2020":"NaN","COASTSP":"Rocky"}},{"type":"Feature","id":343,"geometry":{"type":"Point","coordinates":[-28.050115137800219,38.678462606895096]},"properties":{"FID":343,"Name":"Piscina Natural do Porto da Fajã do Ouvidor","Date":" ","CODSP":"POR-017","Contr_Id":"POR","Admin01":"Portugal","Admin02":"Azores","Confidence":"High","Marin_Reg0":"North Atlantic Ocean","Marin_Reg1":"North Atlantic Ocean","SIZE":446.98348614899999,"MSLT":5.6359782218900003,"SWHS":3.0318977832799998,"TIDE":1.4111595153800001,"GCL2020":"NaN","COASTSP":"Rocky"}},{"type":"Feature","id":344,"geometry":{"type":"Point","coordinates":[-27.95897815334547,39.012699548878231]},"properties":{"FID":344,"Name":"Piscinas Naturales del Carapacho","Date":"1947-1951","CODSP":"POR-036","Contr_Id":"POR","Admin01":"Portugal","Admin02":"Azores","Confidence":"High","Marin_Reg0":"North Atlantic Ocean","Marin_Reg1":"North Atlantic Ocean","SIZE":122.5065874,"MSLT":6.2639393806500001,"SWHS":2.8380501270299998,"TIDE":1.4291735887499999,"GCL2020":"NaN","COASTSP":"Mixed (rocky/pebbly)"}},{"type":"Feature","id":345,"geometry":{"type":"Point","coordinates":[-25.157689413927415,37.004953434266838]},"properties":{"FID":345,"Name":"Zona Balnear dos Anjos","Date":" ","CODSP":"POR-051","Contr_Id":"POR","Admin01":"Portugal","Admin02":"Azores","Confidence":"High","Marin_Reg0":"North Atlantic Ocean","Marin_Reg1":"North Atlantic Ocean","SIZE":338.87295230900003,"MSLT":5.8774251937899997,"SWHS":2.81058430672,"TIDE":1.4938753843299999,"GCL2020":"NaN","COASTSP":"Rocky"}},{"type":"Feature","id":346,"geometry":{"type":"Point","coordinates":[-27.112883211622432,38.646949710049853]},"properties":{"FID":346,"Name":"Piscina natural do refugo","Date":" ","CODSP":"POR-018","Contr_Id":"POR","Admin01":"Portugal","Admin02":"Azores","Confidence":"High","Marin_Reg0":"North Atlantic Ocean","Marin_Reg1":"North Atlantic Ocean","SIZE":1221.04549081,"MSLT":5.5690817832899997,"SWHS":2.96659016609,"TIDE":1.40372991562,"GCL2020":"NaN","COASTSP":"Mixed (artificial/rocky)"}},{"type":"Feature","id":347,"geometry":{"type":"Point","coordinates":[-27.097863799574668,38.648343699901886]},"properties":{"FID":347,"Name":"Piscinas naturales da salga","Date":" ","CODSP":"POR-033","Contr_Id":"POR","Admin01":"Portugal","Admin02":"Azores","Confidence":"High","Marin_Reg0":"North Atlantic Ocean","Marin_Reg1":"North Atlantic Ocean","SIZE":133.01378510399999,"MSLT":5.5690817832899997,"SWHS":2.96659016609,"TIDE":1.40372991562,"GCL2020":"NaN","COASTSP":"Mixed (pebbly/artificial)"}},{"type":"Feature","id":348,"geometry":{"type":"Point","coordinates":[-27.055426900231225,38.680466100230376]},"properties":{"FID":348,"Name":"Piscinas Naturais de Porto Martins","Date":" ","CODSP":"POR-027","Contr_Id":"POR","Admin01":"Portugal","Admin02":"Azores","Confidence":"High","Marin_Reg0":"North Atlantic Ocean","Marin_Reg1":"North Atlantic Ocean","SIZE":2626.3936953000002,"MSLT":5.5690817832899997,"SWHS":2.96659016609,"TIDE":1.4368230104399999,"GCL2020":"NaN","COASTSP":"Mixed (rocky/artificial)"}},{"type":"Feature","id":349,"geometry":{"type":"Point","coordinates":[-27.135851216760216,38.787296165885266]},"properties":{"FID":349,"Name":"Zona Balnear Escaleiras","Date":" ","CODSP":"POR-053","Contr_Id":"POR","Admin01":"Portugal","Admin02":"Azores","Confidence":"High","Marin_Reg0":"North Atlantic Ocean","Marin_Reg1":"North Atlantic Ocean","SIZE":84.245707001,"MSLT":5.4077949523899997,"SWHS":2.96659016609,"TIDE":1.5232564210899999,"GCL2020":"NaN","COASTSP":"Mixed (rocky/artificial)"}},{"type":"Feature","id":350,"geometry":{"type":"Point","coordinates":[-27.281809171240582,38.655419744728079]},"properties":{"FID":350,"Name":"Zona Balnear do Negrito","Date":" ","CODSP":"POR-050","Contr_Id":"POR","Admin01":"Portugal","Admin02":"Azores","Confidence":"High","Marin_Reg0":"North Atlantic Ocean","Marin_Reg1":"North Atlantic Ocean","SIZE":309.615297699,"MSLT":5.5357356071500003,"SWHS":2.96659016609,"TIDE":1.3857231140099999,"GCL2020":"NaN","COASTSP":"Mixed (artificial/rocky)"}},{"type":"Feature","id":351,"geometry":{"type":"Point","coordinates":[-27.239879074060013,38.655727989155423]},"properties":{"FID":351,"Name":"Piscina natural - Baía do Alcaide","Date":" ","CODSP":"POR-013","Contr_Id":"POR","Admin01":"Portugal","Admin02":"Azores","Confidence":"High","Marin_Reg0":"North Atlantic Ocean","Marin_Reg1":"North Atlantic Ocean","SIZE":90.142196152599993,"MSLT":5.5690817832899997,"SWHS":2.96659016609,"TIDE":1.37996828556,"GCL2020":"NaN","COASTSP":"Mixed (rocky/pebbly)"}},{"type":"Feature","id":352,"geometry":{"type":"Point","coordinates":[-27.153680196205357,38.647476655500327]},"properties":{"FID":352,"Name":"Poças da Serretinha","Date":" ","CODSP":"POR-042","Contr_Id":"POR","Admin01":"Portugal","Admin02":"Azores","Confidence":"High","Marin_Reg0":"North Atlantic Ocean","Marin_Reg1":"North Atlantic Ocean","SIZE":78.404437746400006,"MSLT":5.5690817832899997,"SWHS":2.96659016609,"TIDE":1.3791049718899999,"GCL2020":"NaN","COASTSP":"Rocky"}},{"type":"Feature","id":353,"geometry":{"type":"Point","coordinates":[-28.725858166421176,38.518562040805591]},"properties":{"FID":353,"Name":"Piscinas naturais de Castelo Branco","Date":" ","CODSP":"POR-026","Contr_Id":"POR","Admin01":"Portugal","Admin02":"Azores","Confidence":"High","Marin_Reg0":"North Atlantic Ocean","Marin_Reg1":"North Atlantic Ocean","SIZE":102.31718883400001,"MSLT":5.0791759490999997,"SWHS":2.86429524422,"TIDE":1.2670841217,"GCL2020":"NaN","COASTSP":"Rocky"}},{"type":"Feature","id":354,"geometry":{"type":"Point","coordinates":[-28.289549599934048,38.412332500144942]},"properties":{"FID":354,"Name":"Zona Balnear da Fonte","Date":" ","CODSP":"POR-049","Contr_Id":"POR","Admin01":"Portugal","Admin02":"Azores","Confidence":"High","Marin_Reg0":"North Atlantic Ocean","Marin_Reg1":"North Atlantic Ocean","SIZE":135.22436282300001,"MSLT":5.4426474571199996,"SWHS":2.1417610645299998,"TIDE":1.26186966896,"GCL2020":"NaN","COASTSP":"Rocky"}},{"type":"Feature","id":355,"geometry":{"type":"Point","coordinates":[-28.187384571340885,38.404478433832764]},"properties":{"FID":355,"Name":"Piscina Ribeiras","Date":" ","CODSP":"POR-021","Contr_Id":"POR","Admin01":"Portugal","Admin02":"Azores","Confidence":"High","Marin_Reg0":"North Atlantic Ocean","Marin_Reg1":"North Atlantic Ocean","SIZE":178.28805499699999,"MSLT":5.6081781387299996,"SWHS":2.1417610645299998,"TIDE":1.2702995538699999,"GCL2020":"NaN","COASTSP":"Rocky"}},{"type":"Feature","id":356,"geometry":{"type":"Point","coordinates":[-28.036769303118376,38.410650493011701]},"properties":{"FID":356,"Name":"Poceirão","Date":" ","CODSP":"POR-038","Contr_Id":"POR","Admin01":"Portugal","Admin02":"Azores","Confidence":"High","Marin_Reg0":"North Atlantic Ocean","Marin_Reg1":"North Atlantic Ocean","SIZE":1449.0204189399999,"MSLT":5.6081781387299996,"SWHS":2.1417610645299998,"TIDE":1.3054903745699999,"GCL2020":"NaN","COASTSP":"Rocky"}},{"type":"Feature","id":357,"geometry":{"type":"Point","coordinates":[-28.056061423749611,38.441135602180111]},"properties":{"FID":357,"Name":"Piscina Baía do Calhau","Date":" ","CODSP":"POR-006","Contr_Id":"POR","Admin01":"Portugal","Admin02":"Azores","Confidence":"High","Marin_Reg0":"North Atlantic Ocean","Marin_Reg1":"North Atlantic Ocean","SIZE":453.859931453,"MSLT":5.6081781387299996,"SWHS":2.1417610645299998,"TIDE":1.32333958149,"GCL2020":"NaN","COASTSP":"Mixed (rocky/artificial)"}},{"type":"Feature","id":358,"geometry":{"type":"Point","coordinates":[-28.389060499842174,38.557779000300741]},"properties":{"FID":358,"Name":"Piscinas Naturais do Cabrito","Date":" ","CODSP":"POR-028","Contr_Id":"POR","Admin01":"Portugal","Admin02":"Azores","Confidence":"High","Marin_Reg0":"North Atlantic Ocean","Marin_Reg1":"North Atlantic Ocean","SIZE":162.713382252,"MSLT":5.5405673980700003,"SWHS":2.1417610645299998,"TIDE":1.3637056350700001,"GCL2020":"NaN","COASTSP":"Rocky"}},{"type":"Feature","id":359,"geometry":{"type":"Point","coordinates":[-28.480687045656111,38.558752239562523]},"properties":{"FID":359,"Name":"Piscinas Naturais do Cais do Mourato","Date":" ","CODSP":"POR-029","Contr_Id":"POR","Admin01":"Portugal","Admin02":"Azores","Confidence":"High","Marin_Reg0":"North Atlantic Ocean","Marin_Reg1":"North Atlantic Ocean","SIZE":151.515947767,"MSLT":5.5405673980700003,"SWHS":2.1417610645299998,"TIDE":1.3640965223299999,"GCL2020":"NaN","COASTSP":"Rocky"}},{"type":"Feature","id":360,"geometry":{"type":"Point","coordinates":[-28.520873361416534,38.543491968279795]},"properties":{"FID":360,"Name":"Piscinas Naturais da Barca","Date":" ","CODSP":"POR-025","Contr_Id":"POR","Admin01":"Portugal","Admin02":"Azores","Confidence":"High","Marin_Reg0":"North Atlantic Ocean","Marin_Reg1":"North Atlantic Ocean","SIZE":736.00346428900002,"MSLT":5.0791759490999997,"SWHS":2.86429524422,"TIDE":1.31461858749,"GCL2020":"NaN","COASTSP":"Rocky"}},{"type":"Feature","id":361,"geometry":{"type":"Point","coordinates":[-28.541376006497387,38.505020982032875]},"properties":{"FID":361,"Name":"Piscinas Naturales de Criação Velha","Date":" ","CODSP":"POR-034","Contr_Id":"POR","Admin01":"Portugal","Admin02":"Azores","Confidence":"High","Marin_Reg0":"North Atlantic Ocean","Marin_Reg1":"North Atlantic Ocean","SIZE":783.01814889299999,"MSLT":5.0791759490999997,"SWHS":2.86429524422,"TIDE":1.2521537542300001,"GCL2020":"NaN","COASTSP":"Mixed (rocky/artificial)"}},{"type":"Feature","id":362,"geometry":{"type":"Point","coordinates":[-28.4607225292213,38.430937762767542]},"properties":{"FID":362,"Name":"Piscina de Sao Mateus","Date":" ","CODSP":"POR-011","Contr_Id":"POR","Admin01":"Portugal","Admin02":"Azores","Confidence":"High","Marin_Reg0":"North Atlantic Ocean","Marin_Reg1":"North Atlantic Ocean","SIZE":374.59900577899998,"MSLT":5.4426474571199996,"SWHS":2.1417610645299998,"TIDE":1.2545861005800001,"GCL2020":"NaN","COASTSP":"Rocky"}},{"type":"Feature","id":363,"geometry":{"type":"Point","coordinates":[-28.421001600443446,38.426836800278124]},"properties":{"FID":363,"Name":"Natural Pool São Caetano bay","Date":" ","CODSP":"POR-005","Contr_Id":"POR","Admin01":"Portugal","Admin02":"Azores","Confidence":"High","Marin_Reg0":"North Atlantic Ocean","Marin_Reg1":"North Atlantic Ocean","SIZE":3767.3212665699998,"MSLT":5.4426474571199996,"SWHS":2.1417610645299998,"TIDE":1.2560772895800001,"GCL2020":"NaN","COASTSP":"Mixed (artificial/pebbly)"}},{"type":"Feature","id":364,"geometry":{"type":"Point","coordinates":[-28.385469050251118,38.418663658164633]},"properties":{"FID":364,"Name":"Zona Balnear Porto das Baixas","Date":" ","CODSP":"POR-054","Contr_Id":"POR","Admin01":"Portugal","Admin02":"Azores","Confidence":"High","Marin_Reg0":"North Atlantic Ocean","Marin_Reg1":"North Atlantic Ocean","SIZE":120.387184271,"MSLT":5.4426474571199996,"SWHS":2.1417610645299998,"TIDE":1.25846791267,"GCL2020":"NaN","COASTSP":"Rocky"}},{"type":"Feature","id":365,"geometry":{"type":"Point","coordinates":[-27.753334699836444,38.547659100187445]},"properties":{"FID":365,"Name":"Piscina Natural da Pontinha do Topo","Date":" ","CODSP":"POR-014","Contr_Id":"POR","Admin01":"Portugal","Admin02":"Azores","Confidence":"High","Marin_Reg0":"North Atlantic Ocean","Marin_Reg1":"North Atlantic Ocean","SIZE":677.97178112899996,"MSLT":5.5628771781899999,"SWHS":2.47391438484,"TIDE":1.36246562004,"GCL2020":"NaN","COASTSP":"Rocky"}},{"type":"Feature","id":366,"geometry":{"type":"Point","coordinates":[-17.791308999710452,28.529983500238473]},"properties":{"FID":366,"Name":"Piscina El Poris","Date":"1990s","CODSP":"ESP-048","Contr_Id":"ESP","Admin01":"Spain","Admin02":"Canarias","Confidence":"High","Marin_Reg0":"North Atlantic Ocean","Marin_Reg1":"North Atlantic Ocean","SIZE":77.272510866900006,"MSLT":5.0597620010400002,"SWHS":1.54618000984,"TIDE":1.9555900096900001,"GCL2020":"NaN","COASTSP":"Rocky"}},{"type":"Feature","id":367,"geometry":{"type":"Point","coordinates":[130.4839020188615,30.230897517101823]},"properties":{"FID":367,"Name":"Hirauchi Kaichu Onsen","Date":" ","CODSP":"JPN-001","Contr_Id":"JPN","Admin01":"Japan","Admin02":"Kagoshima Ken","Confidence":"High","Marin_Reg0":"North Pacific Ocean","Marin_Reg1":"Eastern China Sea","SIZE":9.4964157214499991,"MSLT":3.1820487976099998,"SWHS":1.74124836922,"TIDE":2.5419402122500001,"GCL2020":"Rocky","COASTSP":"Rocky"}},{"type":"Feature","id":368,"geometry":{"type":"Point","coordinates":[-15.460816021741891,27.797577586436489]},"properties":{"FID":368,"Name":"Piscinas Castillo del Romeral (2)","Date":"1990s","CODSP":"ESP-084","Contr_Id":"ESP","Admin01":"Spain","Admin02":"Canarias","Confidence":"High","Marin_Reg0":"North Atlantic Ocean","Marin_Reg1":"North Atlantic Ocean","SIZE":5018.4177146399998,"MSLT":4.4353938102699999,"SWHS":1.42227864265,"TIDE":2.1017253398900002,"GCL2020":"NaN","COASTSP":"Mixed (artificial/pebbly)"}},{"type":"Feature","id":369,"geometry":{"type":"Point","coordinates":[-15.41837413835583,28.064120688719015]},"properties":{"FID":369,"Name":"Piscinas de La Laja (1)","Date":"2014","CODSP":"ESP-088","Contr_Id":"ESP","Admin01":"Spain","Admin02":"Canarias","Confidence":"High","Marin_Reg0":"North Atlantic Ocean","Marin_Reg1":"North Atlantic Ocean","SIZE":626.39563244600004,"MSLT":4.3063774108899997,"SWHS":1.42227864265,"TIDE":2.2634131908400001,"GCL2020":"NaN","COASTSP":"Rocky"}},{"type":"Feature","id":370,"geometry":{"type":"Point","coordinates":[31.350708970819483,-29.373953641211017]},"properties":{"FID":370,"Name":"Blythedale Tidal Pool","Date":" ","CODSP":"ZAF-004","Contr_Id":"ZAF","Admin01":"South Africa","Admin02":"Kwa-Zulu Natal","Confidence":"High","Marin_Reg0":"Indian Ocean","Marin_Reg1":"Indian Ocean","SIZE":121.97053342300001,"MSLT":3.3564505577100001,"SWHS":1.57279133797,"TIDE":1.92657518387,"GCL2020":"Sandy","COASTSP":"Mixed (sandy/rocky)"}},{"type":"Feature","id":371,"geometry":{"type":"Point","coordinates":[-82.44748790004644,23.10547579996836]},"properties":{"FID":371,"Name":"Piscina - casa Patricio Lumumba","Date":" ","CODSP":"CUB-006","Contr_Id":"CUB","Admin01":"Cuba","Admin02":"La Habana","Confidence":"High","Marin_Reg0":"North Atlantic Ocean","Marin_Reg1":"North Atlantic Ocean","SIZE":7388.7925446099998,"MSLT":5.9644002914399996,"SWHS":0.68546223640399995,"TIDE":0.65563672781000004,"GCL2020":"Rocky","COASTSP":"Mixed (artificial/rocky)"}},{"type":"Feature","id":372,"geometry":{"type":"Point","coordinates":[-13.85406579999659,28.499352200144017]},"properties":{"FID":372,"Name":"Piscina natural de El Charco - Charco de los Militares","Date":" ","CODSP":"ESP-062","Contr_Id":"ESP","Admin01":"Spain","Admin02":"Canarias","Confidence":"High","Marin_Reg0":"North Atlantic Ocean","Marin_Reg1":"North Atlantic Ocean","SIZE":523.93556254199996,"MSLT":4.6053495407099998,"SWHS":0.99259114265399995,"TIDE":2.4487965106999998,"GCL2020":"NaN","COASTSP":"Rocky"}},{"type":"Feature","id":373,"geometry":{"type":"Point","coordinates":[-13.653840837948508,29.114902005751617]},"properties":{"FID":373,"Name":"Piscinas en Lago de La Santa / Charco de la Santa o del Río","Date":" ","CODSP":"ESP-090","Contr_Id":"ESP","Admin01":"Spain","Admin02":"Canarias","Confidence":"High","Marin_Reg0":"North Atlantic Ocean","Marin_Reg1":"North Atlantic Ocean","SIZE":368.799434163,"MSLT":4.7052092552199998,"SWHS":1.37015461922,"TIDE":2.4822704791999999,"GCL2020":"NaN","COASTSP":"Mixed (sandy/artificial)"}},{"type":"Feature","id":374,"geometry":{"type":"Point","coordinates":[-2.6374442996146286,43.40269709979151]},"properties":{"FID":374,"Name":"Igerileku Naturala","Date":"2008","CODSP":"ESP-040","Contr_Id":"ESP","Admin01":"Spain","Admin02":"País Vasco/Euskadi","Confidence":"High","Marin_Reg0":"North Atlantic Ocean","Marin_Reg1":"Bay of Biscay","SIZE":402.78815972899997,"MSLT":5.0501890182500002,"SWHS":1.33328938484,"TIDE":3.8222997188600001,"GCL2020":"Rocky","COASTSP":"Artificial"}},{"type":"Feature","id":375,"geometry":{"type":"Point","coordinates":[0.061024015638622586,38.640938235042427]},"properties":{"FID":375,"Name":"Conjunto Arqueológico Baños de la Reina","Date":" ","CODSP":"ESP-036","Contr_Id":"ESP","Admin01":"Spain","Admin02":"Comunitat Valenciana","Confidence":"High","Marin_Reg0":"Mediterranean region","Marin_Reg1":"Mediterranean Sea - Western Basin","SIZE":180.809131296,"MSLT":5.1018939018199996,"SWHS":1.13980793953,"TIDE":0.14949707686899999,"GCL2020":"Artificial","COASTSP":"Rocky"}},{"type":"Feature","id":376,"geometry":{"type":"Point","coordinates":[-0.44111560010480844,38.361988800043264]},"properties":{"FID":376,"Name":"Viveros romanos","Date":" ","CODSP":"ESP-101","Contr_Id":"ESP","Admin01":"Spain","Admin02":"Comunitat Valenciana","Confidence":"High","Marin_Reg0":"Mediterranean region","Marin_Reg1":"Mediterranean Sea - Western Basin","SIZE":62.614664153900002,"MSLT":4.9148383140599998,"SWHS":0.78836750984199999,"TIDE":0.18030610680600001,"GCL2020":"Artificial","COASTSP":"Rocky"}},{"type":"Feature","id":377,"geometry":{"type":"Point","coordinates":[-86.747212400331932,12.139166800007786]},"properties":{"FID":377,"Name":"Piscina el Velero","Date":" ","CODSP":"NIC-001","Contr_Id":"NIC","Admin01":"Nicaragua","Admin02":"León","Confidence":"High","Marin_Reg0":"North Pacific Ocean","Marin_Reg1":"North Pacific Ocean","SIZE":51.440352945800001,"MSLT":4.4046607017500001,"SWHS":1.1275602579099999,"TIDE":2.43903446198,"GCL2020":"Sandy","COASTSP":"Mixed (sandy/rocky)"}},{"type":"Feature","id":378,"geometry":{"type":"Point","coordinates":[-87.967146100412151,13.158281100292584]},"properties":{"FID":378,"Name":"Conchagua (8)","Date":" ","CODSP":"SLV-023","Contr_Id":"SLV","Admin01":"El Salvador","Admin02":"La Unión","Confidence":"High","Marin_Reg0":"North Pacific Ocean","Marin_Reg1":"North Pacific Ocean","SIZE":193.899476131,"MSLT":4.8557171821600003,"SWHS":0.44168779254000001,"TIDE":2.52314352989,"GCL2020":"Artificial","COASTSP":"Rocky"}},{"type":"Feature","id":379,"geometry":{"type":"Point","coordinates":[-87.967582171076629,13.158237272257679]},"properties":{"FID":379,"Name":"Conchagua (7)","Date":" ","CODSP":"SLV-022","Contr_Id":"SLV","Admin01":"El Salvador","Admin02":"La Unión","Confidence":"High","Marin_Reg0":"North Pacific Ocean","Marin_Reg1":"North Pacific Ocean","SIZE":384.05836095500001,"MSLT":4.8557171821600003,"SWHS":0.44168779254000001,"TIDE":2.52314352989,"GCL2020":"Artificial","COASTSP":"Rocky"}},{"type":"Feature","id":380,"geometry":{"type":"Point","coordinates":[-87.96670210944842,13.158101750136495]},"properties":{"FID":380,"Name":"Conchagua (9)","Date":" ","CODSP":"SLV-024","Contr_Id":"SLV","Admin01":"El Salvador","Admin02":"La Unión","Confidence":"High","Marin_Reg0":"North Pacific Ocean","Marin_Reg1":"North Pacific Ocean","SIZE":126.525292116,"MSLT":4.8557171821600003,"SWHS":0.44168779254000001,"TIDE":2.52314352989,"GCL2020":"Artificial","COASTSP":"Rocky"}},{"type":"Feature","id":381,"geometry":{"type":"Point","coordinates":[-87.960995359971093,13.161134950258543]},"properties":{"FID":381,"Name":"Playas Negras","Date":" ","CODSP":"SLV-042","Contr_Id":"SLV","Admin01":"El Salvador","Admin02":"La Unión","Confidence":"High","Marin_Reg0":"North Pacific Ocean","Marin_Reg1":"North Pacific Ocean","SIZE":76.155216536899999,"MSLT":4.8557171821600003,"SWHS":0.44168779254000001,"TIDE":2.52314352989,"GCL2020":"Artificial","COASTSP":"Rocky"}},{"type":"Feature","id":382,"geometry":{"type":"Point","coordinates":[-87.95157721975761,13.159349672931455]},"properties":{"FID":382,"Name":"Conchagua (10)","Date":" ","CODSP":"SLV-008","Contr_Id":"SLV","Admin01":"El Salvador","Admin02":"La Unión","Confidence":"High","Marin_Reg0":"North Pacific Ocean","Marin_Reg1":"North Pacific Ocean","SIZE":148.95412464099999,"MSLT":4.8557171821600003,"SWHS":0.44168779254000001,"TIDE":2.52314352989,"GCL2020":"Artificial","COASTSP":"Rocky"}},{"type":"Feature","id":383,"geometry":{"type":"Point","coordinates":[-87.951380500209837,13.159400400108439]},"properties":{"FID":383,"Name":"Conchagua (11)","Date":" ","CODSP":"SLV-009","Contr_Id":"SLV","Admin01":"El Salvador","Admin02":"La Unión","Confidence":"High","Marin_Reg0":"North Pacific Ocean","Marin_Reg1":"North Pacific Ocean","SIZE":101.13800000000001,"MSLT":4.8557171821600003,"SWHS":0.44168779254000001,"TIDE":2.52314352989,"GCL2020":"Artificial","COASTSP":"Rocky"}},{"type":"Feature","id":384,"geometry":{"type":"Point","coordinates":[-87.949169259398957,13.15972225698772]},"properties":{"FID":384,"Name":"Rancho Las Olas (3)","Date":" ","CODSP":"SLV-046","Contr_Id":"SLV","Admin01":"El Salvador","Admin02":"La Unión","Confidence":"High","Marin_Reg0":"North Pacific Ocean","Marin_Reg1":"North Pacific Ocean","SIZE":59.044122551999997,"MSLT":4.8557171821600003,"SWHS":0.44168779254000001,"TIDE":2.5553939342500001,"GCL2020":"Artificial","COASTSP":"Rocky"}},{"type":"Feature","id":385,"geometry":{"type":"Point","coordinates":[-87.948244299834528,13.160102499930417]},"properties":{"FID":385,"Name":"Conchagua (13)","Date":" ","CODSP":"SLV-011","Contr_Id":"SLV","Admin01":"El Salvador","Admin02":"La Unión","Confidence":"High","Marin_Reg0":"North Pacific Ocean","Marin_Reg1":"North Pacific Ocean","SIZE":86.480000000000004,"MSLT":4.8557171821600003,"SWHS":0.44168779254000001,"TIDE":2.5553939342500001,"GCL2020":"Artificial","COASTSP":"Rocky"}},{"type":"Feature","id":386,"geometry":{"type":"Point","coordinates":[-87.969195599597185,13.158035800312064]},"properties":{"FID":386,"Name":"Conchagua (4)","Date":" ","CODSP":"SLV-019","Contr_Id":"SLV","Admin01":"El Salvador","Admin02":"La Unión","Confidence":"High","Marin_Reg0":"North Pacific Ocean","Marin_Reg1":"North Pacific Ocean","SIZE":167.077919818,"MSLT":4.8557171821600003,"SWHS":0.44168779254000001,"TIDE":2.52314352989,"GCL2020":"Artificial","COASTSP":"Rocky"}},{"type":"Feature","id":387,"geometry":{"type":"Point","coordinates":[-89.40152429980651,13.493043199983788]},"properties":{"FID":387,"Name":"Tamanique (4)","Date":" ","CODSP":"SLV-053","Contr_Id":"SLV","Admin01":"El Salvador","Admin02":"La Libertad","Confidence":"High","Marin_Reg0":"North Pacific Ocean","Marin_Reg1":"North Pacific Ocean","SIZE":556.09992652599999,"MSLT":4.6740350723299997,"SWHS":0.77030110359199999,"TIDE":2.20023441315,"GCL2020":"Rocky","COASTSP":"Rocky"}},{"type":"Feature","id":388,"geometry":{"type":"Point","coordinates":[-89.402870799847506,13.493181500426033]},"properties":{"FID":388,"Name":"Tamanique (2)","Date":" ","CODSP":"SLV-051","Contr_Id":"SLV","Admin01":"El Salvador","Admin02":"La Libertad","Confidence":"High","Marin_Reg0":"North Pacific Ocean","Marin_Reg1":"North Pacific Ocean","SIZE":805.624236053,"MSLT":4.6740350723299997,"SWHS":0.77030110359199999,"TIDE":2.20023441315,"GCL2020":"Rocky","COASTSP":"Rocky"}},{"type":"Feature","id":389,"geometry":{"type":"Point","coordinates":[-89.37436439989699,13.491748400168717]},"properties":{"FID":389,"Name":"El Tunco (6)","Date":" ","CODSP":"SLV-034","Contr_Id":"SLV","Admin01":"El Salvador","Admin02":"La Libertad","Confidence":"High","Marin_Reg0":"North Pacific Ocean","Marin_Reg1":"North Pacific Ocean","SIZE":55.963000000000001,"MSLT":4.6740350723299997,"SWHS":0.77030110359199999,"TIDE":2.2062644958500002,"GCL2020":"Rocky","COASTSP":"Rocky"}},{"type":"Feature","id":390,"geometry":{"type":"Point","coordinates":[-89.430456739174474,13.493606123215557]},"properties":{"FID":390,"Name":"El Palmarcito (1)","Date":" ","CODSP":"SLV-025","Contr_Id":"SLV","Admin01":"El Salvador","Admin02":"La Libertad","Confidence":"High","Marin_Reg0":"North Pacific Ocean","Marin_Reg1":"North Pacific Ocean","SIZE":114.769161512,"MSLT":4.6740350723299997,"SWHS":0.77030110359199999,"TIDE":2.19444298744,"GCL2020":"Rocky","COASTSP":"Rocky"}},{"type":"Feature","id":391,"geometry":{"type":"Point","coordinates":[-89.475109714753899,13.499025369474396]},"properties":{"FID":391,"Name":"Piscina de agua salada playa Taquillos","Date":" ","CODSP":"SLV-041","Contr_Id":"SLV","Admin01":"El Salvador","Admin02":"La Libertad","Confidence":"High","Marin_Reg0":"North Pacific Ocean","Marin_Reg1":"North Pacific Ocean","SIZE":335.22227421100001,"MSLT":4.6740350723299997,"SWHS":0.77030110359199999,"TIDE":2.18851113319,"GCL2020":"Rocky","COASTSP":"Pebbly"}},{"type":"Feature","id":392,"geometry":{"type":"Point","coordinates":[-105.45609669980274,20.751846499716351]},"properties":{"FID":392,"Name":"Alberca de mar Punta de mita","Date":" ","CODSP":"MEX-001","Contr_Id":"MEX","Admin01":"Mexico","Admin02":"Nayarit","Confidence":"High","Marin_Reg0":"North Pacific Ocean","Marin_Reg1":"North Pacific Ocean","SIZE":824.34988120200001,"MSLT":4.6046261787400002,"SWHS":0.87735676765399995,"TIDE":1.6602014303199999,"GCL2020":"Artificial","COASTSP":"Mixed (rocky/sandy)"}},{"type":"Feature","id":393,"geometry":{"type":"Point","coordinates":[-99.867276499910531,16.828425899635533]},"properties":{"FID":393,"Name":"Club La Concha","Date":" ","CODSP":"MEX-004","Contr_Id":"MEX","Admin01":"Mexico","Admin02":"Guerrero","Confidence":"High","Marin_Reg0":"North Pacific Ocean","Marin_Reg1":"North Pacific Ocean","SIZE":1406.9847688,"MSLT":4.8637671470599999,"SWHS":0.86141777038599998,"TIDE":0.94358575344100004,"GCL2020":"Artificial","COASTSP":"Artificial"}},{"type":"Feature","id":394,"geometry":{"type":"Point","coordinates":[5.3497315004083816,43.284985800354548]},"properties":{"FID":394,"Name":"Piscine maritime du Vallon des Auffes","Date":"1965-1980","CODSP":"FRA-017","Contr_Id":"FRA","Admin01":"France","Admin02":"Provence-Alpes-Côte d'Azur","Confidence":"High","Marin_Reg0":"Mediterranean region","Marin_Reg1":"Mediterranean Sea - Western Basin","SIZE":643.35783120300005,"MSLT":4.7390794753999996,"SWHS":1.5187548398999999,"TIDE":0.28570604324299997,"GCL2020":"Artificial","COASTSP":"Rocky"}},{"type":"Feature","id":395,"geometry":{"type":"Point","coordinates":[7.1218674973731027,43.553207614906853]},"properties":{"FID":395,"Name":"Cap d'antibes (2)","Date":" ","CODSP":"FRA-003","Contr_Id":"FRA","Admin01":"France","Admin02":"Provence-Alpes-Côte d'Azur","Confidence":"High","Marin_Reg0":"Mediterranean region","Marin_Reg1":"Mediterranean Sea - Western Basin","SIZE":559.95299402399996,"MSLT":4.2872633934,"SWHS":0.98868489265399995,"TIDE":0.31083866953799999,"GCL2020":"Rocky","COASTSP":"Mixed (rocky/sandy)"}},{"type":"Feature","id":396,"geometry":{"type":"Point","coordinates":[9.3855041995593069,44.269605400269086]},"properties":{"FID":396,"Name":"Castelli Pool / Piscina dei Castelli","Date":" ","CODSP":"ITA-003","Contr_Id":"ITA","Admin01":"Italy","Admin02":"Liguria","Confidence":"High","Marin_Reg0":"Mediterranean region","Marin_Reg1":"Ligurian Sea","SIZE":900.22466490199997,"MSLT":4.2308435440099998,"SWHS":0.78234535455700005,"TIDE":0.33823081850999998,"GCL2020":"Artificial","COASTSP":"Rocky"}},{"type":"Feature","id":397,"geometry":{"type":"Point","coordinates":[10.429715676937064,43.388523940827326]},"properties":{"FID":397,"Name":"Cala del Riccio Piscina","Date":"1954-1965","CODSP":"ITA-001","Contr_Id":"ITA","Admin01":"Italy","Admin02":"Toscana","Confidence":"High","Marin_Reg0":"Mediterranean region","Marin_Reg1":"Tyrrhenian Sea","SIZE":250.71195355200001,"MSLT":4.0510344505300004,"SWHS":0.79929077625300005,"TIDE":0.359717816114,"GCL2020":"Sandy","COASTSP":"Mixed (rocky/artificial)"}},{"type":"Feature","id":398,"geometry":{"type":"Point","coordinates":[11.854644999966865,42.032503100237989]},"properties":{"FID":398,"Name":"Hotel Le Najadi piscina","Date":" ","CODSP":"ITA-006","Contr_Id":"ITA","Admin01":"Italy","Admin02":"Centro","Confidence":"High","Marin_Reg0":"Mediterranean region","Marin_Reg1":"Tyrrhenian Sea","SIZE":389.54092190900002,"MSLT":4.42644405365,"SWHS":0.98746418952899995,"TIDE":0.37969157099700002,"GCL2020":"Artificial","COASTSP":"Artificial"}},{"type":"Feature","id":399,"geometry":{"type":"Point","coordinates":[17.398116272751338,40.884848940339054]},"properties":{"FID":399,"Name":"Cala Pescatore Piscina","Date":" ","CODSP":"ITA-002","Contr_Id":"ITA","Admin01":"Italy","Admin02":"Puglia","Confidence":"High","Marin_Reg0":"Mediterranean region","Marin_Reg1":"Adriatic Sea","SIZE":245.53292625700001,"MSLT":3.34586858749,"SWHS":1.11832356453,"TIDE":0.42600247263899998,"GCL2020":"Sandy","COASTSP":"Rocky"}},{"type":"Feature","id":400,"geometry":{"type":"Point","coordinates":[14.305086716551386,45.333125648843179]},"properties":{"FID":400,"Name":"Plaža Opatija","Date":" ","CODSP":"HRV-003","Contr_Id":"HRV","Admin01":"Croatia","Admin02":"Primorje-Gorski Kotar","Confidence":"High","Marin_Reg0":"Mediterranean region","Marin_Reg1":"Adriatic Sea","SIZE":1499.1753997200001,"MSLT":3.0089509487199999,"SWHS":0.76480793952899995,"TIDE":0.70660102367400002,"GCL2020":"Artificial","COASTSP":"Artificial"}},{"type":"Feature","id":401,"geometry":{"type":"Point","coordinates":[15.209080952156285,44.134771349363518]},"properties":{"FID":401,"Name":"Zadar","Date":" ","CODSP":"HRV-005","Contr_Id":"HRV","Admin01":"Croatia","Admin02":"Zadar","Confidence":"High","Marin_Reg0":"Mediterranean region","Marin_Reg1":"Adriatic Sea","SIZE":1121.96644176,"MSLT":3.2274668216700002,"SWHS":0.64542317390399995,"TIDE":0.47468623518899999,"GCL2020":"Artificial","COASTSP":"Mixed (artificial/sandy)"}},{"type":"Feature","id":402,"geometry":{"type":"Point","coordinates":[15.23109655270116,44.107737824543733]},"properties":{"FID":402,"Name":"Public Swiming Spot / Bazen Kolovare","Date":" ","CODSP":"HRV-004","Contr_Id":"HRV","Admin01":"Croatia","Admin02":"Zadar","Confidence":"High","Marin_Reg0":"Mediterranean region","Marin_Reg1":"Adriatic Sea","SIZE":1094.08642224,"MSLT":3.2274668216700002,"SWHS":0.69779133796699999,"TIDE":0.47712421417200002,"GCL2020":"Artificial","COASTSP":"Artificial"}},{"type":"Feature","id":403,"geometry":{"type":"Point","coordinates":[32.4040789144683,34.772052808800822]},"properties":{"FID":403,"Name":"Harry’s Cove","Date":"2000s","CODSP":"CYP-002","Contr_Id":"CYP","Admin01":"Cyprus","Admin02":"Pafos","Confidence":"High","Marin_Reg0":"Mediterranean region","Marin_Reg1":"Mediterranean Sea - Eastern Basin","SIZE":6911.3307484200004,"MSLT":3.4233210086799999,"SWHS":1.46878743172,"TIDE":0.373468697071,"GCL2020":"Rocky","COASTSP":"Rocky"}},{"type":"Feature","id":404,"geometry":{"type":"Point","coordinates":[32.387744458168186,34.824674962336985]},"properties":{"FID":404,"Name":"Gonofrytta Rock","Date":" ","CODSP":"CYP-001","Contr_Id":"CYP","Admin01":"Cyprus","Admin02":"Pafos","Confidence":"High","Marin_Reg0":"Mediterranean region","Marin_Reg1":"Mediterranean Sea - Eastern Basin","SIZE":679.61448368200001,"MSLT":3.4233210086799999,"SWHS":1.46878743172,"TIDE":0.37116092443499998,"GCL2020":"Rocky","COASTSP":"Rocky"}},{"type":"Feature","id":405,"geometry":{"type":"Point","coordinates":[22.792674359340253,37.564472533132744]},"properties":{"FID":405,"Name":"Piscina Natural\u00A0Nafplio","Date":" ","CODSP":"GRC-003","Contr_Id":"GRC","Admin01":"Greece","Admin02":"Peloponisos-W. Greece & Ionian","Confidence":"High","Marin_Reg0":"Mediterranean region","Marin_Reg1":"Aegean Sea","SIZE":642.88229067899999,"MSLT":3.1940188407900001,"SWHS":0.45902177691500001,"TIDE":0.10802745074,"GCL2020":"Artificial","COASTSP":"Mixed (rocky/artificial)"}},{"type":"Feature","id":406,"geometry":{"type":"Point","coordinates":[35.527304500302478,32.807525199728275]},"properties":{"FID":406,"Name":"YMCA pool","Date":" ","CODSP":"ISR-004","Contr_Id":"ISR","Admin01":"Israel","Admin02":"Northern District","Confidence":"High","Marin_Reg0":"-","Marin_Reg1":"-","SIZE":53.900676555399997,"MSLT":0,"SWHS":0,"TIDE":0.44485914707200003,"GCL2020":"NaN","COASTSP":"Rocky"}},{"type":"Feature","id":407,"geometry":{"type":"Point","coordinates":[34.888981385927707,32.49707482770981]},"properties":{"FID":407,"Name":"Piscina di Cleopatra\u200E","Date":" ","CODSP":"ISR-003","Contr_Id":"ISR","Admin01":"Israel","Admin02":"Haifa","Confidence":"High","Marin_Reg0":"Mediterranean region","Marin_Reg1":"Mediterranean Sea - Eastern Basin","SIZE":626.91916818899995,"MSLT":3.8995554447199998,"SWHS":1.26959300041,"TIDE":0.440479010344,"GCL2020":"Artificial","COASTSP":"Rocky"}},{"type":"Feature","id":408,"geometry":{"type":"Point","coordinates":[-2.054430600291937,48.62745750006377]},"properties":{"FID":408,"Name":"Piscine d'eau de mer / Piscine du Prieuré","Date":"1930s","CODSP":"FRA-005","Contr_Id":"FRA","Admin01":"France","Admin02":"Bretagne","Confidence":"High","Marin_Reg0":"North Atlantic Ocean","Marin_Reg1":"English Channel","SIZE":1292.1954884700001,"MSLT":5.2643675804100001,"SWHS":0.81876301765399995,"TIDE":10.6640491486,"GCL2020":"Rocky","COASTSP":"Mixed (rocky/sandy)"}},{"type":"Feature","id":409,"geometry":{"type":"Point","coordinates":[-2.0487117997096789,48.634456099769238]},"properties":{"FID":409,"Name":"Piscine Dinard","Date":"1930s","CODSP":"FRA-014","Contr_Id":"FRA","Admin01":"France","Admin02":"Bretagne","Confidence":"High","Marin_Reg0":"North Atlantic Ocean","Marin_Reg1":"English Channel","SIZE":103.102839039,"MSLT":5.2643675804100001,"SWHS":0.81876301765399995,"TIDE":10.6992025375,"GCL2020":"Rocky","COASTSP":"Rocky"}},{"type":"Feature","id":410,"geometry":{"type":"Point","coordinates":[-2.0386502407436069,47.077823744283137]},"properties":{"FID":410,"Name":"Plan D'eau / Plan D'eau Maurice Giros","Date":"1989","CODSP":"FRA-019","Contr_Id":"FRA","Admin01":"France","Admin02":"Pays-de-la-Loire","Confidence":"High","Marin_Reg0":"North Atlantic Ocean","Marin_Reg1":"Bay of Biscay","SIZE":28054.858225399999,"MSLT":5.0620880127000003,"SWHS":0.84805989265399995,"TIDE":4.85045909882,"GCL2020":"Sandy","COASTSP":"Mixed (sandy/artificial)"}},{"type":"Feature","id":411,"geometry":{"type":"Point","coordinates":[-82.429989740090321,23.121926251387379]},"properties":{"FID":411,"Name":"Avenida 1ra (3)","Date":" ","CODSP":"CUB-003","Contr_Id":"CUB","Admin01":"Cuba","Admin02":"La Habana","Confidence":"High","Marin_Reg0":"North Atlantic Ocean","Marin_Reg1":"North Atlantic Ocean","SIZE":105.72764824799999,"MSLT":5.9644002914399996,"SWHS":0.68546223640399995,"TIDE":0.656672000885,"GCL2020":"Rocky","COASTSP":"Mixed (rocky/artificial)"}},{"type":"Feature","id":412,"geometry":{"type":"Point","coordinates":[-17.761324599950285,28.807306499795175]},"properties":{"FID":412,"Name":"Charco de Las Damas","Date":" ","CODSP":"ESP-012","Contr_Id":"ESP","Admin01":"Spain","Admin02":"Canarias","Confidence":"High","Marin_Reg0":"North Atlantic Ocean","Marin_Reg1":"North Atlantic Ocean","SIZE":1379.9859723500001,"MSLT":5.0629110336299998,"SWHS":1.87381672859,"TIDE":2.04641962051,"GCL2020":"NaN","COASTSP":"Rocky"}},{"type":"Feature","id":413,"geometry":{"type":"Point","coordinates":[-17.753951099863343,28.631774400068593]},"properties":{"FID":413,"Name":"Charco Las Palomas","Date":"1980s","CODSP":"ESP-028","Contr_Id":"ESP","Admin01":"Spain","Admin02":"Canarias","Confidence":"High","Marin_Reg0":"North Atlantic Ocean","Marin_Reg1":"North Atlantic Ocean","SIZE":72.295336564699994,"MSLT":5.0597620010400002,"SWHS":1.54618000984,"TIDE":2.00019431114,"GCL2020":"NaN","COASTSP":"Rocky"}},{"type":"Feature","id":414,"geometry":{"type":"Point","coordinates":[-17.75617969993317,28.612617999621023]},"properties":{"FID":414,"Name":"Charco del Hoyo o Bajito","Date":"2000","CODSP":"ESP-026","Contr_Id":"ESP","Admin01":"Spain","Admin02":"Canarias","Confidence":"High","Marin_Reg0":"North Atlantic Ocean","Marin_Reg1":"North Atlantic Ocean","SIZE":237.74818628400001,"MSLT":5.0597620010400002,"SWHS":1.54618000984,"TIDE":1.98839569092,"GCL2020":"NaN","COASTSP":"Mixed (pebbly/rocky)"}},{"type":"Feature","id":415,"geometry":{"type":"Point","coordinates":[-17.762617200023669,28.567301300214865]},"properties":{"FID":415,"Name":"Charco Punta Las Salemeras","Date":"1980s","CODSP":"ESP-033","Contr_Id":"ESP","Admin01":"Spain","Admin02":"Canarias","Confidence":"High","Marin_Reg0":"North Atlantic Ocean","Marin_Reg1":"North Atlantic Ocean","SIZE":131.10777964299999,"MSLT":5.0597620010400002,"SWHS":1.54618000984,"TIDE":1.969617486,"GCL2020":"NaN","COASTSP":"Rocky"}},{"type":"Feature","id":416,"geometry":{"type":"Point","coordinates":[-17.868878799716754,28.482144699818207]},"properties":{"FID":416,"Name":"Charco de Punta Larga","Date":" ","CODSP":"ESP-017","Contr_Id":"ESP","Admin01":"Spain","Admin02":"Canarias","Confidence":"High","Marin_Reg0":"North Atlantic Ocean","Marin_Reg1":"North Atlantic Ocean","SIZE":251.79110427000001,"MSLT":5.0448760986299996,"SWHS":1.54618000984,"TIDE":1.8858028650300001,"GCL2020":"NaN","COASTSP":"Mixed (pebbly/rocky)"}},{"type":"Feature","id":417,"geometry":{"type":"Point","coordinates":[-16.843686298693171,28.387406260372813]},"properties":{"FID":417,"Name":"Charco de los Ruises","Date":"1964-1982","CODSP":"ESP-016","Contr_Id":"ESP","Admin01":"Spain","Admin02":"Canarias","Confidence":"High","Marin_Reg0":"North Atlantic Ocean","Marin_Reg1":"North Atlantic Ocean","SIZE":141.56456405200001,"MSLT":4.8077993392899998,"SWHS":1.5487434864,"TIDE":2.16119456291,"GCL2020":"NaN","COASTSP":"Rocky"}},{"type":"Feature","id":418,"geometry":{"type":"Point","coordinates":[-16.360489286351424,28.377818274793469]},"properties":{"FID":418,"Name":"Playa Charco del Musgo o de Graciliano","Date":"1982-1994","CODSP":"ESP-096","Contr_Id":"ESP","Admin01":"Spain","Admin02":"Canarias","Confidence":"High","Marin_Reg0":"North Atlantic Ocean","Marin_Reg1":"North Atlantic Ocean","SIZE":667.90559658500001,"MSLT":4.5854716300999998,"SWHS":1.52872395515,"TIDE":2.1164500713300001,"GCL2020":"NaN","COASTSP":"Pebbly"}},{"type":"Feature","id":419,"geometry":{"type":"Point","coordinates":[-16.383883146543383,28.275063238807661]},"properties":{"FID":419,"Name":"Charco del Espigón (2)","Date":" ","CODSP":"ESP-023","Contr_Id":"ESP","Admin01":"Spain","Admin02":"Canarias","Confidence":"High","Marin_Reg0":"North Atlantic Ocean","Marin_Reg1":"North Atlantic Ocean","SIZE":130.95106661099999,"MSLT":4.5854716300999998,"SWHS":1.52872395515,"TIDE":2.0802335739100002,"GCL2020":"NaN","COASTSP":"Rocky"}},{"type":"Feature","id":420,"geometry":{"type":"Point","coordinates":[-16.385422921730481,28.270770946422147]},"properties":{"FID":420,"Name":"Charco de Golete","Date":"1964-1982","CODSP":"ESP-008","Contr_Id":"ESP","Admin01":"Spain","Admin02":"Canarias","Confidence":"High","Marin_Reg0":"North Atlantic Ocean","Marin_Reg1":"North Atlantic Ocean","SIZE":3720.11615308,"MSLT":4.5854716300999998,"SWHS":1.52872395515,"TIDE":2.0802335739100002,"GCL2020":"NaN","COASTSP":"Rocky"}},{"type":"Feature","id":421,"geometry":{"type":"Point","coordinates":[-16.600801300439571,28.026321499637675]},"properties":{"FID":421,"Name":"Charco del Guincho","Date":"1993","CODSP":"ESP-024","Contr_Id":"ESP","Admin01":"Spain","Admin02":"Canarias","Confidence":"High","Marin_Reg0":"North Atlantic Ocean","Marin_Reg1":"North Atlantic Ocean","SIZE":182.95190444900001,"MSLT":4.8322677612299998,"SWHS":1.03287434578,"TIDE":1.9842352867099999,"GCL2020":"NaN","COASTSP":"Rocky"}},{"type":"Feature","id":422,"geometry":{"type":"Point","coordinates":[-16.729603899999859,28.051192999957038]},"properties":{"FID":422,"Name":"Charco Punta del Camisón","Date":"1952-1964","CODSP":"ESP-032","Contr_Id":"ESP","Admin01":"Spain","Admin02":"Canarias","Confidence":"High","Marin_Reg0":"North Atlantic Ocean","Marin_Reg1":"North Atlantic Ocean","SIZE":124.819643501,"MSLT":4.8322677612299998,"SWHS":1.03287434578,"TIDE":1.96958494186,"GCL2020":"NaN","COASTSP":"Rocky"}},{"type":"Feature","id":423,"geometry":{"type":"Point","coordinates":[-16.777145398041625,28.11794390718569]},"properties":{"FID":423,"Name":"Charco del Marqués","Date":" ","CODSP":"ESP-027","Contr_Id":"ESP","Admin01":"Spain","Admin02":"Canarias","Confidence":"High","Marin_Reg0":"North Atlantic Ocean","Marin_Reg1":"North Atlantic Ocean","SIZE":1508.9561240200001,"MSLT":4.9771203994800004,"SWHS":1.03287434578,"TIDE":1.9790660142900001,"GCL2020":"NaN","COASTSP":"Rocky"}},{"type":"Feature","id":424,"geometry":{"type":"Point","coordinates":[-15.681520778261188,28.165171265741321]},"properties":{"FID":424,"Name":"Charco de los Hoyos","Date":" ","CODSP":"ESP-014","Contr_Id":"ESP","Admin01":"Spain","Admin02":"Canarias","Confidence":"High","Marin_Reg0":"North Atlantic Ocean","Marin_Reg1":"North Atlantic Ocean","SIZE":90.276586911999999,"MSLT":4.3259725570700001,"SWHS":1.23465657234,"TIDE":2.30049920082,"GCL2020":"NaN","COASTSP":"Rocky"}},{"type":"Feature","id":425,"geometry":{"type":"Point","coordinates":[-15.673324599950206,28.160136899598285]},"properties":{"FID":425,"Name":"Charco Cueva de La Furnia","Date":"1977-1994","CODSP":"ESP-004","Contr_Id":"ESP","Admin01":"Spain","Admin02":"Canarias","Confidence":"High","Marin_Reg0":"North Atlantic Ocean","Marin_Reg1":"North Atlantic Ocean","SIZE":216.99386677499999,"MSLT":4.3259725570700001,"SWHS":1.23465657234,"TIDE":2.30049920082,"GCL2020":"NaN","COASTSP":"Rocky"}},{"type":"Feature","id":426,"geometry":{"type":"Point","coordinates":[-15.559396855380498,28.146967657431503]},"properties":{"FID":426,"Name":"Charco de Bocabarranco","Date":"2004-2006","CODSP":"ESP-007","Contr_Id":"ESP","Admin01":"Spain","Admin02":"Canarias","Confidence":"High","Marin_Reg0":"North Atlantic Ocean","Marin_Reg1":"North Atlantic Ocean","SIZE":51.885918463099998,"MSLT":4.3259725570700001,"SWHS":1.23465657234,"TIDE":2.29822826385,"GCL2020":"NaN","COASTSP":"Pebbly"}},{"type":"Feature","id":427,"geometry":{"type":"Point","coordinates":[-13.446132266751704,29.146944330537451]},"properties":{"FID":427,"Name":"Charco de Las Nieves","Date":"1977-1990","CODSP":"ESP-013","Contr_Id":"ESP","Admin01":"Spain","Admin02":"Canarias","Confidence":"High","Marin_Reg0":"North Atlantic Ocean","Marin_Reg1":"North Atlantic Ocean","SIZE":724.99639371800004,"MSLT":4.57903242111,"SWHS":1.53104329109,"TIDE":2.5832262039199998,"GCL2020":"NaN","COASTSP":"Rocky"}},{"type":"Feature","id":428,"geometry":{"type":"Point","coordinates":[-13.449480000301719,29.084829999604892]},"properties":{"FID":428,"Name":"Piscina natural Coloseo Charco Palo","Date":"1970s","CODSP":"ESP-059","Contr_Id":"ESP","Admin01":"Spain","Admin02":"Canarias","Confidence":"High","Marin_Reg0":"North Atlantic Ocean","Marin_Reg1":"North Atlantic Ocean","SIZE":460.01484498600001,"MSLT":4.57903242111,"SWHS":1.53104329109,"TIDE":2.5797238349899998,"GCL2020":"NaN","COASTSP":"Rocky"}},{"type":"Feature","id":429,"geometry":{"type":"Point","coordinates":[-13.46017799991472,29.063507199797471]},"properties":{"FID":429,"Name":"Piscina Natural / Charco Los Cocoteros","Date":"1960-1977","CODSP":"ESP-056","Contr_Id":"ESP","Admin01":"Spain","Admin02":"Canarias","Confidence":"High","Marin_Reg0":"North Atlantic Ocean","Marin_Reg1":"North Atlantic Ocean","SIZE":815.55716830899996,"MSLT":4.57903242111,"SWHS":1.53104329109,"TIDE":2.5743539333299998,"GCL2020":"NaN","COASTSP":"Mixed (artificial/rocky)"}},{"type":"Feature","id":430,"geometry":{"type":"Point","coordinates":[-13.568503999659811,29.120462200270481]},"properties":{"FID":430,"Name":"Charco de la Caleta","Date":"1970s","CODSP":"ESP-010","Contr_Id":"ESP","Admin01":"Spain","Admin02":"Canarias","Confidence":"High","Marin_Reg0":"North Atlantic Ocean","Marin_Reg1":"North Atlantic Ocean","SIZE":74.2725649084,"MSLT":4.7052092552199998,"SWHS":1.37015461922,"TIDE":2.5050439834599998,"GCL2020":"NaN","COASTSP":"Mixed (rocky/sandy)"}},{"type":"Feature","id":431,"geometry":{"type":"Point","coordinates":[-1.5282999521488136,50.752869844254235]},"properties":{"FID":431,"Name":"Lymington Sea Water Swimming Baths","Date":"1833","CODSP":"GBR-015","Contr_Id":"GBR","Admin01":"United Kingdom","Admin02":"England","Confidence":"High","Marin_Reg0":"North Atlantic Ocean","Marin_Reg1":"English Channel","SIZE":4662.6346817699996,"MSLT":5.3539648056000004,"SWHS":1.23380208015,"TIDE":2.1608138084399999,"GCL2020":"Artificial","COASTSP":"Mixed (rocky/artificial)"}},{"type":"Feature","id":432,"geometry":{"type":"Point","coordinates":[-16.922673300332519,32.640567099692021]},"properties":{"FID":432,"Name":"Belmond Reid's Palace","Date":" ","CODSP":"POR-003","Contr_Id":"POR","Admin01":"Portugal","Admin02":"Madeira","Confidence":"High","Marin_Reg0":"North Atlantic Ocean","Marin_Reg1":"North Atlantic Ocean","SIZE":50.055711343799999,"MSLT":4.9652495384200002,"SWHS":1.93082356453,"TIDE":2.17893123627,"GCL2020":"NaN","COASTSP":"Rocky"}},{"type":"Feature","id":433,"geometry":{"type":"Point","coordinates":[-16.823616499601656,32.64731080005356]},"properties":{"FID":433,"Name":"Reis Magos","Date":" ","CODSP":"POR-046","Contr_Id":"POR","Admin01":"Portugal","Admin02":"Madeira","Confidence":"High","Marin_Reg0":"North Atlantic Ocean","Marin_Reg1":"North Atlantic Ocean","SIZE":1557.80366587,"MSLT":4.9652495384200002,"SWHS":1.93082356453,"TIDE":2.1885113716100002,"GCL2020":"NaN","COASTSP":"Mixed (artificial/pebbly)"}},{"type":"Feature","id":434,"geometry":{"type":"Point","coordinates":[-16.708937403379707,32.741860658318387]},"properties":{"FID":434,"Name":"Marina de Quinta Grande","Date":" ","CODSP":"POR-004","Contr_Id":"POR","Admin01":"Portugal","Admin02":"Madeira","Confidence":"High","Marin_Reg0":"North Atlantic Ocean","Marin_Reg1":"North Atlantic Ocean","SIZE":636.39847714699999,"MSLT":5.1908888816800003,"SWHS":2.18167805672,"TIDE":2.1921656131699998,"GCL2020":"NaN","COASTSP":"Mixed (pebbly/rocky)"}},{"type":"Feature","id":435,"geometry":{"type":"Point","coordinates":[-4.7627041366793037,54.089754175469068]},"properties":{"FID":435,"Name":"Port Erin Pool\u00A0(abandoned)","Date":"1899","CODSP":"IMN-002","Contr_Id":"IMN","Admin01":"Isle of Man","Admin02":"Port Erin","Confidence":"High","Marin_Reg0":"North Atlantic Ocean","Marin_Reg1":"Irish Sea and St. George's Channel","SIZE":840.64865850000001,"MSLT":4.7297501563999997,"SWHS":1.40531086922,"TIDE":5.2267885208099996,"GCL2020":"NaN","COASTSP":"Rocky"}},{"type":"Feature","id":436,"geometry":{"type":"Point","coordinates":[8.3641736001315508,56.959922299774405]},"properties":{"FID":436,"Name":"Nørre Vorupør Havbad","Date":"2014","CODSP":"DNK-001","Contr_Id":"DNK","Admin01":"Denmark","Admin02":"Nordjylland","Confidence":"High","Marin_Reg0":"North Atlantic Ocean","Marin_Reg1":"North Sea","SIZE":1863.92927566,"MSLT":4.76243019104,"SWHS":1.80863118172,"TIDE":0.446707308292,"GCL2020":"Sandy","COASTSP":"Mixed (sandy/artificial)"}},{"type":"Feature","id":437,"geometry":{"type":"Point","coordinates":[-63.220384999767873,17.64323109963567]},"properties":{"FID":437,"Name":"Cove Bay Beach pool","Date":"2005-2013","CODSP":"BES-001","Contr_Id":"BES","Admin01":"Saba (Netherlands)","Admin02":"Saba","Confidence":"High","Marin_Reg0":"North Atlantic Ocean","Marin_Reg1":"Caribbean Sea","SIZE":1550.8087433400001,"MSLT":4.5850448608400001,"SWHS":1.12308430672,"TIDE":0.36344394087800003,"GCL2020":"NaN","COASTSP":"Mixed (rocky/artificial)"}},{"type":"Feature","id":438,"geometry":{"type":"Point","coordinates":[-87.947748680710504,13.160635360538322]},"properties":{"FID":438,"Name":"Conchagua (15)","Date":" ","CODSP":"SLV-013","Contr_Id":"SLV","Admin01":"El Salvador","Admin02":"La Unión","Confidence":"High","Marin_Reg0":"North Pacific Ocean","Marin_Reg1":"North Pacific Ocean","SIZE":253.16,"MSLT":4.8557171821600003,"SWHS":0.44168779254000001,"TIDE":2.5553939342500001,"GCL2020":"Artificial","COASTSP":"Rocky"}},{"type":"Feature","id":439,"geometry":{"type":"Point","coordinates":[-87.945509983071645,13.160817482824655]},"properties":{"FID":439,"Name":"Conchagua (18)","Date":" ","CODSP":"SLV-016","Contr_Id":"SLV","Admin01":"El Salvador","Admin02":"La Unión","Confidence":"High","Marin_Reg0":"North Pacific Ocean","Marin_Reg1":"North Pacific Ocean","SIZE":33.939300000000003,"MSLT":4.8557171821600003,"SWHS":0.44168779254000001,"TIDE":2.5553939342500001,"GCL2020":"Artificial","COASTSP":"Rocky"}},{"type":"Feature","id":440,"geometry":{"type":"Point","coordinates":[25.591937099617553,-34.048405799887632]},"properties":{"FID":440,"Name":"Willow Grove tidal pool","Date":" ","CODSP":"ZAF-104","Contr_Id":"ZAF","Admin01":"South Africa","Admin02":"Eastern Cape","Confidence":"High","Marin_Reg0":"Indian Ocean","Marin_Reg1":"Indian Ocean","SIZE":6828.6754208299999,"MSLT":3.8183929920200002,"SWHS":1.76822590828,"TIDE":1.68786001205,"GCL2020":"Sandy","COASTSP":"Rocky"}},{"type":"Feature","id":441,"geometry":{"type":"Point","coordinates":[25.607740199750538,-34.044784099606431]},"properties":{"FID":441,"Name":"Willows Resort Tidal Pool (2)","Date":" ","CODSP":"ZAF-107","Contr_Id":"ZAF","Admin01":"South Africa","Admin02":"Eastern Cape","Confidence":"High","Marin_Reg0":"Indian Ocean","Marin_Reg1":"Indian Ocean","SIZE":2355.3017809799999,"MSLT":3.8183929920200002,"SWHS":1.76822590828,"TIDE":1.68786001205,"GCL2020":"Sandy","COASTSP":"Rocky"}},{"type":"Feature","id":442,"geometry":{"type":"Point","coordinates":[25.611264999880007,-34.044810699753953]},"properties":{"FID":442,"Name":"Willows Resort Tidal Pool (1)","Date":" ","CODSP":"ZAF-106","Contr_Id":"ZAF","Admin01":"South Africa","Admin02":"Eastern Cape","Confidence":"High","Marin_Reg0":"Indian Ocean","Marin_Reg1":"Indian Ocean","SIZE":1385.4937659,"MSLT":3.8183929920200002,"SWHS":1.76822590828,"TIDE":1.68786001205,"GCL2020":"Sandy","COASTSP":"Mixed (rocky/sandy)"}},{"type":"Feature","id":443,"geometry":{"type":"Point","coordinates":[-89.315875200080313,13.486110900098026]},"properties":{"FID":443,"Name":"Rocalinda Pool (2)","Date":" ","CODSP":"SLV-048","Contr_Id":"SLV","Admin01":"El Salvador","Admin02":"La Libertad","Confidence":"High","Marin_Reg0":"North Pacific Ocean","Marin_Reg1":"North Pacific Ocean","SIZE":96.238973717700006,"MSLT":4.6740350723299997,"SWHS":0.77030110359199999,"TIDE":2.2188663482700002,"GCL2020":"Rocky","COASTSP":"Rocky"}},{"type":"Feature","id":444,"geometry":{"type":"Point","coordinates":[-89.399871399845154,13.493613200189088]},"properties":{"FID":444,"Name":"Cadejo Brewing Company • La Libertad - Pool (1)","Date":" ","CODSP":"SLV-003","Contr_Id":"SLV","Admin01":"El Salvador","Admin02":"La Libertad","Confidence":"High","Marin_Reg0":"North Pacific Ocean","Marin_Reg1":"North Pacific Ocean","SIZE":169.94953158000001,"MSLT":4.6740350723299997,"SWHS":0.77030110359199999,"TIDE":2.20023441315,"GCL2020":"Rocky","COASTSP":"Rocky"}},{"type":"Feature","id":445,"geometry":{"type":"Point","coordinates":[-89.400682457749838,13.493397236689702]},"properties":{"FID":445,"Name":"The Bitcoin Mansion - Pool","Date":" ","CODSP":"SLV-054","Contr_Id":"SLV","Admin01":"El Salvador","Admin02":"La Libertad","Confidence":"High","Marin_Reg0":"North Pacific Ocean","Marin_Reg1":"North Pacific Ocean","SIZE":117.84968497,"MSLT":4.6740350723299997,"SWHS":0.77030110359199999,"TIDE":2.20023441315,"GCL2020":"Rocky","COASTSP":"Rocky"}},{"type":"Feature","id":446,"geometry":{"type":"Point","coordinates":[-89.415924406581439,13.494372663571198]},"properties":{"FID":446,"Name":"Los Castaños Pool","Date":" ","CODSP":"SLV-037","Contr_Id":"SLV","Admin01":"El Salvador","Admin02":"La Libertad","Confidence":"High","Marin_Reg0":"North Pacific Ocean","Marin_Reg1":"North Pacific Ocean","SIZE":16.930640590399999,"MSLT":4.6740350723299997,"SWHS":0.77030110359199999,"TIDE":2.20023441315,"GCL2020":"Rocky","COASTSP":"Rocky"}},{"type":"Feature","id":447,"geometry":{"type":"Point","coordinates":[-87.969587735254834,13.158101958931297]},"properties":{"FID":447,"Name":"Conchagua (2)","Date":" ","CODSP":"SLV-017","Contr_Id":"SLV","Admin01":"El Salvador","Admin02":"La Unión","Confidence":"High","Marin_Reg0":"North Pacific Ocean","Marin_Reg1":"North Pacific Ocean","SIZE":57.518493939400003,"MSLT":4.8557171821600003,"SWHS":0.44168779254000001,"TIDE":2.52314352989,"GCL2020":"Artificial","COASTSP":"Rocky"}},{"type":"Feature","id":448,"geometry":{"type":"Point","coordinates":[-87.94844530011045,13.159897500369482]},"properties":{"FID":448,"Name":"Conchagua (12)","Date":" ","CODSP":"SLV-010","Contr_Id":"SLV","Admin01":"El Salvador","Admin02":"La Unión","Confidence":"High","Marin_Reg0":"North Pacific Ocean","Marin_Reg1":"North Pacific Ocean","SIZE":36.609999999999999,"MSLT":4.8557171821600003,"SWHS":0.44168779254000001,"TIDE":2.5553939342500001,"GCL2020":"Artificial","COASTSP":"Rocky"}},{"type":"Feature","id":449,"geometry":{"type":"Point","coordinates":[-87.94638853919497,13.161008456904767]},"properties":{"FID":449,"Name":"Conchagua (16)","Date":" ","CODSP":"SLV-014","Contr_Id":"SLV","Admin01":"El Salvador","Admin02":"La Unión","Confidence":"High","Marin_Reg0":"North Pacific Ocean","Marin_Reg1":"North Pacific Ocean","SIZE":66.780000000000001,"MSLT":4.8557171821600003,"SWHS":0.44168779254000001,"TIDE":2.5553939342500001,"GCL2020":"Artificial","COASTSP":"Rocky"}},{"type":"Feature","id":450,"geometry":{"type":"Point","coordinates":[-28.408951307795007,38.560269793884402]},"properties":{"FID":450,"Name":"Zona Balnear dos Arcos","Date":" ","CODSP":"POR-052","Contr_Id":"POR","Admin01":"Portugal","Admin02":"Azores","Confidence":"High","Marin_Reg0":"North Atlantic Ocean","Marin_Reg1":"North Atlantic Ocean","SIZE":47.362113195900001,"MSLT":5.5405673980700003,"SWHS":2.1417610645299998,"TIDE":1.3637056350700001,"GCL2020":"NaN","COASTSP":"Rocky"}},{"type":"Feature","id":451,"geometry":{"type":"Point","coordinates":[-9.3978896199091082,38.70171984839925]},"properties":{"FID":451,"Name":"Piscina Oceânica do Tamariz","Date":"1953","CODSP":"POR-020","Contr_Id":"POR","Admin01":"Portugal","Admin02":"Lisboa","Confidence":"High","Marin_Reg0":"North Atlantic Ocean","Marin_Reg1":"North Atlantic Ocean","SIZE":765.74926074699999,"MSLT":4.5025281906099996,"SWHS":2.1149055957799998,"TIDE":2.9326610565200002,"GCL2020":"Artificial","COASTSP":"Mixed (sandy/artificial)"}},{"type":"Feature","id":452,"geometry":{"type":"Point","coordinates":[151.26928740019343,-33.90522269996751]},"properties":{"FID":452,"Name":"Bronte Baths / Bond ocean pool","Date":"1887/2006","CODSP":"AUS-015","Contr_Id":"AUS","Admin01":"Australia","Admin02":"New South Wales","Confidence":"High","Marin_Reg0":"South Pacific Ocean","Marin_Reg1":"Tasman Sea","SIZE":602.818221042,"MSLT":3.2987504005399999,"SWHS":1.24982380867,"TIDE":1.7326627969699999,"GCL2020":"Artificial","COASTSP":"Rocky"}},{"type":"Feature","id":453,"geometry":{"type":"Point","coordinates":[1.6052812997922388,50.768057699902954]},"properties":{"FID":453,"Name":"Bassin Charles Decaix","Date":"1960s","CODSP":"FRA-001","Contr_Id":"FRA","Admin01":"France","Admin02":"Hauts-de-France","Confidence":"High","Marin_Reg0":"North Atlantic Ocean","Marin_Reg1":"English Channel","SIZE":2054.09830521,"MSLT":4.0104899406400003,"SWHS":0.89395833015399995,"TIDE":7.7881975174000004,"GCL2020":"Sandy","COASTSP":"Sandy"}},{"type":"Feature","id":454,"geometry":{"type":"Point","coordinates":[-1.4217188469763187,55.022844150115134]},"properties":{"FID":454,"Name":"Tynemouth Outdoor Pool","Date":"1925","CODSP":"GBR-047","Contr_Id":"GBR","Admin01":"United Kingdom","Admin02":"England","Confidence":"High","Marin_Reg0":"North Atlantic Ocean","Marin_Reg1":"North Sea","SIZE":1660.40813144,"MSLT":4.5866136550899999,"SWHS":1.50028157234,"TIDE":4.7737336158800003,"GCL2020":"Rocky","COASTSP":"Sandy"}},{"type":"Feature","id":455,"geometry":{"type":"Point","coordinates":[1.4444729833416545,51.356535495616811]},"properties":{"FID":455,"Name":"Viking bay pool","Date":"1988","CODSP":"GBR-048","Contr_Id":"GBR","Admin01":"United Kingdom","Admin02":"England","Confidence":"High","Marin_Reg0":"North Atlantic Ocean","Marin_Reg1":"North Sea","SIZE":521.55864656400001,"MSLT":3.6460609436000002,"SWHS":1.06571125984,"TIDE":4.8432521820099996,"GCL2020":"Artificial","COASTSP":"Mixed (rocky/sandy)"}},{"type":"Feature","id":456,"geometry":{"type":"Point","coordinates":[-157.79285709977526,21.255268900239571]},"properties":{"FID":456,"Name":"Kaiko PL ocean Pool","Date":" ","CODSP":"USA-004","Contr_Id":"USA","Admin01":"United States","Admin02":"Hawaii","Confidence":"High","Marin_Reg0":"North Pacific Ocean","Marin_Reg1":"North Pacific Ocean","SIZE":63.794948252499999,"MSLT":3.6632311344100001,"SWHS":2.0028450488999998,"TIDE":0.93154013156899995,"GCL2020":"NaN","COASTSP":"Rocky"}},{"type":"Feature","id":457,"geometry":{"type":"Point","coordinates":[121.76393700019253,25.162744999782035]},"properties":{"FID":457,"Name":"Heping Island Seawater Wading Pool (3)","Date":"1980s","CODSP":"TWN-004","Contr_Id":"TWN","Admin01":"Taiwan","Admin02":"Taiwan Province","Confidence":"High","Marin_Reg0":"North Pacific Ocean","Marin_Reg1":"Eastern China Sea","SIZE":541.72096692100001,"MSLT":3.1388504505200001,"SWHS":1.41275715828,"TIDE":1.27790176868,"GCL2020":"Artificial","COASTSP":"Rocky"}},{"type":"Feature","id":458,"geometry":{"type":"Point","coordinates":[-44.150660605248163,-23.036897903620456]},"properties":{"FID":458,"Name":"Piscina oceanica Praia de Garatucaia","Date":" ","CODSP":"BRA-001","Contr_Id":"BRA","Admin01":"Brazil","Admin02":"Rio De Janeiro","Confidence":"High","Marin_Reg0":"South Atlantic Ocean","Marin_Reg1":"South Atlantic Ocean","SIZE":152.49643612099999,"MSLT":2.80235314369,"SWHS":0.46585771441500001,"TIDE":1.38593792915,"GCL2020":"Artificial","COASTSP":"Artificial"}},{"type":"Feature","id":459,"geometry":{"type":"Point","coordinates":[-1.9998016998884509,43.320793500120033]},"properties":{"FID":459,"Name":"Piscina isla Santa Clara","Date":" ","CODSP":"ESP-053","Contr_Id":"ESP","Admin01":"Spain","Admin02":"País Vasco/Euskadi","Confidence":"High","Marin_Reg0":"North Atlantic Ocean","Marin_Reg1":"Bay of Biscay","SIZE":102.64512644600001,"MSLT":5.1186022758499998,"SWHS":1.06522297859,"TIDE":3.83398890495,"GCL2020":"Rocky","COASTSP":"Mixed (sandy/rocky)"}},{"type":"Feature","id":460,"geometry":{"type":"Point","coordinates":[121.5053483853203,22.637399727717934]},"properties":{"FID":460,"Name":"Zhaori Hot Springs","Date":" ","CODSP":"TWN-009","Contr_Id":"TWN","Admin01":"Taiwan","Admin02":"Taiwan Province","Confidence":"High","Marin_Reg0":"North Pacific Ocean","Marin_Reg1":"Philippine Sea","SIZE":66.387658673600001,"MSLT":2.5571041107200001,"SWHS":1.68399739265,"TIDE":1.88440561295,"GCL2020":"NaN","COASTSP":"Rocky"}},{"type":"Feature","id":461,"geometry":{"type":"Point","coordinates":[141.81542499996385,40.270797099906247]},"properties":{"FID":461,"Name":"侍浜海水プール","Date":" ","CODSP":"JPN-010","Contr_Id":"JPN","Admin01":"Japan","Admin02":"Iwate Ken","Confidence":"High","Marin_Reg0":"North Pacific Ocean","Marin_Reg1":"North Pacific Ocean","SIZE":825.85688800499997,"MSLT":3.8128225803400002,"SWHS":1.74161458015,"TIDE":1.7294626235999999,"GCL2020":"Rocky","COASTSP":"Rocky"}},{"type":"Feature","id":462,"geometry":{"type":"Point","coordinates":[126.54891100004295,33.239500900046664]},"properties":{"FID":462,"Name":"Hwanguji Natural Pool","Date":" ","CODSP":"KOR-003","Contr_Id":"KOR","Admin01":"Republic of Korea","Admin02":"Cheju-do","Confidence":"High","Marin_Reg0":"North Pacific Ocean","Marin_Reg1":"Japan Sea","SIZE":490.03155282199998,"MSLT":2.6684608459499999,"SWHS":1.37967610359,"TIDE":3.0239737033799998,"GCL2020":"NaN","COASTSP":"Rocky"}},{"type":"Feature","id":463,"geometry":{"type":"Point","coordinates":[120.87564489719921,13.722602906315615]},"properties":{"FID":463,"Name":"Eagle Point Resort Pool","Date":" ","CODSP":"PHL-001","Contr_Id":"PHL","Admin01":"Philippines","Admin02":"Region IV-A (CALABARZON)","Confidence":"High","Marin_Reg0":"South China and Easter Archipelagic Seas","Marin_Reg1":"Philippine Sea","SIZE":159.492520431,"MSLT":3.1485180854800001,"SWHS":0.51590657234199999,"TIDE":1.7219555378,"GCL2020":"Biogenic","COASTSP":"Rocky"}},{"type":"Feature","id":464,"geometry":{"type":"Point","coordinates":[-87.284188500099049,20.437871800143512]},"properties":{"FID":464,"Name":"Las Rocas Pool","Date":" ","CODSP":"MEX-013","Contr_Id":"MEX","Admin01":"Mexico","Admin02":"Quintana Roo","Confidence":"High","Marin_Reg0":"North Atlantic Ocean","Marin_Reg1":"Caribbean Sea","SIZE":541.32458405600005,"MSLT":5.4244933128400001,"SWHS":0.63895344734199999,"TIDE":0.25468844175299998,"GCL2020":"Sandy","COASTSP":"Rocky"}},{"type":"Feature","id":465,"geometry":{"type":"Point","coordinates":[18.768659460254298,42.428661912973155]},"properties":{"FID":465,"Name":"Kotor","Date":" ","CODSP":"MNE-001","Contr_Id":"MNE","Admin01":"Montenegro","Admin02":"Cetinje","Confidence":"High","Marin_Reg0":"Mediterranean region","Marin_Reg1":"Adriatic Sea","SIZE":1309.92742092,"MSLT":3.32442092896,"SWHS":0.78193849325200004,"TIDE":0.42767915129700002,"GCL2020":"Artificial","COASTSP":"Artificial"}},{"type":"Feature","id":466,"geometry":{"type":"Point","coordinates":[25.584512199678386,-34.049255500041227]},"properties":{"FID":466,"Name":"Marine Dr Tidal Pool","Date":" ","CODSP":"ZAF-055","Contr_Id":"ZAF","Admin01":"South Africa","Admin02":"Eastern Cape","Confidence":"High","Marin_Reg0":"Indian Ocean","Marin_Reg1":"Indian Ocean","SIZE":1933.7803039800001,"MSLT":3.8183929920200002,"SWHS":1.76822590828,"TIDE":1.68786001205,"GCL2020":"Sandy","COASTSP":"Mixed (rocky/sandy)"}},{"type":"Feature","id":467,"geometry":{"type":"Point","coordinates":[25.320791000004704,-33.999578700296638]},"properties":{"FID":467,"Name":"Maitland Beach Pool","Date":" ","CODSP":"ZAF-051","Contr_Id":"ZAF","Admin01":"South Africa","Admin02":"Eastern Cape","Confidence":"High","Marin_Reg0":"Indian Ocean","Marin_Reg1":"Indian Ocean","SIZE":1232.9644403100001,"MSLT":3.4110600948299998,"SWHS":1.76822590828,"TIDE":1.68956756592,"GCL2020":"Rocky","COASTSP":"Rocky"}},{"type":"Feature","id":468,"geometry":{"type":"Point","coordinates":[24.231819499969959,-34.07679479964014]},"properties":{"FID":468,"Name":"Eersterivierstrand Tidal pool","Date":" ","CODSP":"ZAF-017","Contr_Id":"ZAF","Admin01":"South Africa","Admin02":"Eastern Cape","Confidence":"High","Marin_Reg0":"Indian Ocean","Marin_Reg1":"Indian Ocean","SIZE":1002.64777277,"MSLT":3.7312586307500002,"SWHS":1.77860188484,"TIDE":1.7307903766599999,"GCL2020":"Rocky","COASTSP":"Mixed (rocky/sandy)"}},{"type":"Feature","id":469,"geometry":{"type":"Point","coordinates":[21.918839399718649,-34.291863500400098]},"properties":{"FID":469,"Name":"Vleesbaai","Date":" ","CODSP":"ZAF-102","Contr_Id":"ZAF","Admin01":"South Africa","Admin02":"Western Cape","Confidence":"High","Marin_Reg0":"Indian Ocean","Marin_Reg1":"Indian Ocean","SIZE":224.578459428,"MSLT":3.2575743198399998,"SWHS":1.74466633797,"TIDE":1.9793750047700001,"GCL2020":"Rocky","COASTSP":"Mixed (rocky/sandy)"}},{"type":"Feature","id":470,"geometry":{"type":"Point","coordinates":[21.884094900059608,-34.35261229991761]},"properties":{"FID":470,"Name":"Gouritz tidal pool","Date":" ","CODSP":"ZAF-025","Contr_Id":"ZAF","Admin01":"South Africa","Admin02":"Western Cape","Confidence":"High","Marin_Reg0":"Indian Ocean","Marin_Reg1":"Indian Ocean","SIZE":282.140884648,"MSLT":3.2575743198399998,"SWHS":1.74466633797,"TIDE":1.98209440708,"GCL2020":"Rocky","COASTSP":"Mixed (rocky/sandy)"}},{"type":"Feature","id":471,"geometry":{"type":"Point","coordinates":[21.880430499967645,-34.355864100048109]},"properties":{"FID":471,"Name":"Gouritsmond Tidal Pool","Date":" ","CODSP":"ZAF-024","Contr_Id":"ZAF","Admin01":"South Africa","Admin02":"Western Cape","Confidence":"High","Marin_Reg0":"Indian Ocean","Marin_Reg1":"Indian Ocean","SIZE":582.76271857100005,"MSLT":3.2575743198399998,"SWHS":1.74466633797,"TIDE":1.9869383573499999,"GCL2020":"Rocky","COASTSP":"Rocky"}},{"type":"Feature","id":472,"geometry":{"type":"Point","coordinates":[21.780707799825279,-34.383019800123577]},"properties":{"FID":472,"Name":"Neliesgif pool","Date":" ","CODSP":"ZAF-064","Contr_Id":"ZAF","Admin01":"South Africa","Admin02":"Western Cape","Confidence":"High","Marin_Reg0":"Indian Ocean","Marin_Reg1":"Indian Ocean","SIZE":1266.67474567,"MSLT":3.2575743198399998,"SWHS":1.74466633797,"TIDE":1.9970418214800001,"GCL2020":"Rocky","COASTSP":"Rocky"}},{"type":"Feature","id":473,"geometry":{"type":"Point","coordinates":[21.330130760626048,-34.433568694939197]},"properties":{"FID":473,"Name":"Jongensfontein Tidal pool","Date":" ","CODSP":"ZAF-037","Contr_Id":"ZAF","Admin01":"South Africa","Admin02":"Western Cape","Confidence":"High","Marin_Reg0":"Indian Ocean","Marin_Reg1":"Indian Ocean","SIZE":1561.60105172,"MSLT":3.67487835884,"SWHS":1.67325520515,"TIDE":2.0320761203800002,"GCL2020":"Sandy","COASTSP":"Mixed (rocky/sandy)"}},{"type":"Feature","id":474,"geometry":{"type":"Point","coordinates":[20.860997999757956,-34.393888400229457]},"properties":{"FID":474,"Name":"Witsand Tidal pool","Date":" ","CODSP":"ZAF-108","Contr_Id":"ZAF","Admin01":"South Africa","Admin02":"Western Cape","Confidence":"High","Marin_Reg0":"Indian Ocean","Marin_Reg1":"Indian Ocean","SIZE":1121.24344823,"MSLT":3.9525423049900001,"SWHS":1.51285481453,"TIDE":2.0343277454400002,"GCL2020":"Sandy","COASTSP":"Mixed (rocky/sandy)"}},{"type":"Feature","id":475,"geometry":{"type":"Point","coordinates":[19.323690300367161,-34.611360200113097]},"properties":{"FID":475,"Name":"Hydra Bay Pool (1)","Date":" ","CODSP":"ZAF-032","Contr_Id":"ZAF","Admin01":"South Africa","Admin02":"Western Cape","Confidence":"High","Marin_Reg0":"South Atlantic Ocean","Marin_Reg1":"South Atlantic Ocean","SIZE":69.679950443899997,"MSLT":3.9321784973099998,"SWHS":1.9694792032199999,"TIDE":1.64006078243,"GCL2020":"Rocky","COASTSP":"Rocky"}},{"type":"Feature","id":476,"geometry":{"type":"Point","coordinates":[19.323934899775963,-34.611181699975418]},"properties":{"FID":476,"Name":"Hydra Bay Pool (2)","Date":" ","CODSP":"ZAF-033","Contr_Id":"ZAF","Admin01":"South Africa","Admin02":"Western Cape","Confidence":"High","Marin_Reg0":"South Atlantic Ocean","Marin_Reg1":"South Atlantic Ocean","SIZE":303.095989567,"MSLT":3.9321784973099998,"SWHS":1.9694792032199999,"TIDE":1.64006078243,"GCL2020":"Rocky","COASTSP":"Rocky"}},{"type":"Feature","id":477,"geometry":{"type":"Point","coordinates":[18.855739399753531,-34.166989400340526]},"properties":{"FID":477,"Name":"Nun's / Gordons Bay Tidal Pool","Date":" ","CODSP":"ZAF-066","Contr_Id":"ZAF","Admin01":"South Africa","Admin02":"Western Cape","Confidence":"High","Marin_Reg0":"South Atlantic Ocean","Marin_Reg1":"South Atlantic Ocean","SIZE":66.967316890199996,"MSLT":2.92528963089,"SWHS":1.8231575489,"TIDE":1.6496858596799999,"GCL2020":"Rocky","COASTSP":"Rocky"}},{"type":"Feature","id":478,"geometry":{"type":"Point","coordinates":[18.823607200412027,-34.116367500359729]},"properties":{"FID":478,"Name":"Strand beach Pool","Date":" ","CODSP":"ZAF-089","Contr_Id":"ZAF","Admin01":"South Africa","Admin02":"Western Cape","Confidence":"High","Marin_Reg0":"South Atlantic Ocean","Marin_Reg1":"South Atlantic Ocean","SIZE":5342.8590816799997,"MSLT":2.92528963089,"SWHS":1.77652668953,"TIDE":1.651881814,"GCL2020":"Sandy","COASTSP":"Mixed (sandy/rocky)"}},{"type":"Feature","id":479,"geometry":{"type":"Point","coordinates":[18.448701600298705,-34.130839600267166]},"properties":{"FID":479,"Name":"By The Sea Kalk Bay Tidal pool","Date":" ","CODSP":"ZAF-009","Contr_Id":"ZAF","Admin01":"South Africa","Admin02":"Western Cape","Confidence":"High","Marin_Reg0":"South Atlantic Ocean","Marin_Reg1":"South Atlantic Ocean","SIZE":316.148580654,"MSLT":4.0327191352799998,"SWHS":1.77652668953,"TIDE":1.6582458019299999,"GCL2020":"Rocky","COASTSP":"Rocky"}},{"type":"Feature","id":480,"geometry":{"type":"Point","coordinates":[18.320091399898331,-33.522385399566474]},"properties":{"FID":480,"Name":"Ganzekraal Coastal Resort pool (1)","Date":" ","CODSP":"ZAF-020","Contr_Id":"ZAF","Admin01":"South Africa","Admin02":"Western Cape","Confidence":"High","Marin_Reg0":"South Atlantic Ocean","Marin_Reg1":"South Atlantic Ocean","SIZE":2265.8604051299999,"MSLT":2.9415564537000001,"SWHS":1.65116047859,"TIDE":1.5960632562599999,"GCL2020":"Sandy","COASTSP":"Mixed (rocky/sandy)"}},{"type":"Feature","id":481,"geometry":{"type":"Point","coordinates":[28.032194599601155,-32.937789700134488]},"properties":{"FID":481,"Name":"Gonubie Tidal Pool","Date":" ","CODSP":"ZAF-023","Contr_Id":"ZAF","Admin01":"South Africa","Admin02":"Eastern Cape","Confidence":"High","Marin_Reg0":"Indian Ocean","Marin_Reg1":"Indian Ocean","SIZE":714.56412561900004,"MSLT":3.8874626159700001,"SWHS":2.0089485645299998,"TIDE":1.70418477058,"GCL2020":"Sandy","COASTSP":"Mixed (rocky/sandy)"}},{"type":"Feature","id":482,"geometry":{"type":"Point","coordinates":[28.118810900402821,-32.84712019983732]},"properties":{"FID":482,"Name":"Chintsa West tidal pool","Date":" ","CODSP":"ZAF-013","Contr_Id":"ZAF","Admin01":"South Africa","Admin02":"Eastern Cape","Confidence":"High","Marin_Reg0":"Indian Ocean","Marin_Reg1":"Indian Ocean","SIZE":971.36213493800005,"MSLT":3.8874626159700001,"SWHS":2.0089485645299998,"TIDE":1.7074689865099999,"GCL2020":"Sandy","COASTSP":"Mixed (rocky/sandy)"}},{"type":"Feature","id":483,"geometry":{"type":"Point","coordinates":[28.249402999748781,-32.76490339957212]},"properties":{"FID":483,"Name":"Haga Haga Tidal Pool","Date":" ","CODSP":"ZAF-027","Contr_Id":"ZAF","Admin01":"South Africa","Admin02":"Eastern Cape","Confidence":"High","Marin_Reg0":"Indian Ocean","Marin_Reg1":"Indian Ocean","SIZE":395.80987644499999,"MSLT":3.8874626159700001,"SWHS":2.0089485645299998,"TIDE":1.7091439962399999,"GCL2020":"Rocky","COASTSP":"Rocky"}},{"type":"Feature","id":484,"geometry":{"type":"Point","coordinates":[28.364106899713704,-32.709217800261229]},"properties":{"FID":484,"Name":"Morgan Bay Tidal Pool","Date":"1960s","CODSP":"ZAF-061","Contr_Id":"ZAF","Admin01":"South Africa","Admin02":"Eastern Cape","Confidence":"High","Marin_Reg0":"Indian Ocean","Marin_Reg1":"Indian Ocean","SIZE":138.62285284699999,"MSLT":4.1893362998999999,"SWHS":2.0089485645299998,"TIDE":1.7127749919899999,"GCL2020":"Rocky","COASTSP":"Rocky"}},{"type":"Feature","id":485,"geometry":{"type":"Point","coordinates":[30.690443300218192,-30.397161300153755]},"properties":{"FID":485,"Name":"Minerva Ave Pool","Date":" ","CODSP":"ZAF-059","Contr_Id":"ZAF","Admin01":"South Africa","Admin02":"Kwa-Zulu Natal","Confidence":"High","Marin_Reg0":"Indian Ocean","Marin_Reg1":"Indian Ocean","SIZE":215.95334080000001,"MSLT":3.4197978973400001,"SWHS":1.80618977547,"TIDE":1.82239329815,"GCL2020":"Sandy","COASTSP":"Mixed (rocky/sandy)"}},{"type":"Feature","id":486,"geometry":{"type":"Point","coordinates":[43.270288699963601,-11.420000299574099]},"properties":{"FID":486,"Name":"Al Camar Lodge pool","Date":" ","CODSP":"COM-001","Contr_Id":"COM","Admin01":"Comoros","Admin02":"Grande Comore (Ngazidja)","Confidence":"High","Marin_Reg0":"Indian Ocean","Marin_Reg1":"Mozambique Channel","SIZE":290.300957493,"MSLT":6.3192934989899996,"SWHS":0.98038411140399995,"TIDE":3.7294340133700001,"GCL2020":"NaN","COASTSP":"Rocky"}},{"type":"Feature","id":487,"geometry":{"type":"Point","coordinates":[135.08836639958986,35.739768300366904]},"properties":{"FID":487,"Name":"Taiza Waterfront Pool","Date":" ","CODSP":"JPN-009","Contr_Id":"JPN","Admin01":"Japan","Admin02":"Kyoto Fu","Confidence":"High","Marin_Reg0":"North Pacific Ocean","Marin_Reg1":"Japan Sea","SIZE":340.32931545899999,"MSLT":2.13200759888,"SWHS":2.51908040047,"TIDE":0.373452335596,"GCL2020":"Artificial","COASTSP":"Rocky"}},{"type":"Feature","id":488,"geometry":{"type":"Point","coordinates":[-89.403133346126992,13.493337081341281]},"properties":{"FID":488,"Name":"Tamanique (1)","Date":" ","CODSP":"SLV-050","Contr_Id":"SLV","Admin01":"El Salvador","Admin02":"La Libertad","Confidence":"High","Marin_Reg0":"North Pacific Ocean","Marin_Reg1":"North Pacific Ocean","SIZE":195.09608248800001,"MSLT":4.6740350723299997,"SWHS":0.77030110359199999,"TIDE":2.20023441315,"GCL2020":"Rocky","COASTSP":"Rocky"}},{"type":"Feature","id":489,"geometry":{"type":"Point","coordinates":[-89.432299360127331,13.493466111571877]},"properties":{"FID":489,"Name":"El Palmarcito (2)","Date":" ","CODSP":"SLV-026","Contr_Id":"SLV","Admin01":"El Salvador","Admin02":"La Libertad","Confidence":"High","Marin_Reg0":"North Pacific Ocean","Marin_Reg1":"North Pacific Ocean","SIZE":188.49159677700001,"MSLT":4.6740350723299997,"SWHS":0.77030110359199999,"TIDE":2.19444298744,"GCL2020":"Rocky","COASTSP":"Rocky"}},{"type":"Feature","id":490,"geometry":{"type":"Point","coordinates":[126.22993061190834,33.389434991132077]},"properties":{"FID":490,"Name":"금능리 단물깍","Date":" ","CODSP":"KOR-007","Contr_Id":"KOR","Admin01":"Republic of Korea","Admin02":"Cheju-do","Confidence":"High","Marin_Reg0":"North Pacific Ocean","Marin_Reg1":"Japan Sea","SIZE":106.179330537,"MSLT":2.8863644599899998,"SWHS":1.73184895515,"TIDE":2.9614968299900002,"GCL2020":"NaN","COASTSP":"Mixed (artificial/rocky)"}},{"type":"Feature","id":491,"geometry":{"type":"Point","coordinates":[126.38972295884753,33.237001402592682]},"properties":{"FID":491,"Name":"Yerae Dong (2)","Date":"2010s","CODSP":"KOR-006","Contr_Id":"KOR","Admin01":"Republic of Korea","Admin02":"Cheju-do","Confidence":"High","Marin_Reg0":"North Pacific Ocean","Marin_Reg1":"Japan Sea","SIZE":1301.24843098,"MSLT":2.7040510177599999,"SWHS":1.73184895515,"TIDE":3.0610873699200001,"GCL2020":"NaN","COASTSP":"Rocky"}},{"type":"Feature","id":492,"geometry":{"type":"Point","coordinates":[-16.344121285961535,28.556537751506539]},"properties":{"FID":492,"Name":"Piscina Natural de Bajamar","Date":"1960s","CODSP":"ESP-061","Contr_Id":"ESP","Admin01":"Spain","Admin02":"Canarias","Confidence":"High","Marin_Reg0":"North Atlantic Ocean","Marin_Reg1":"North Atlantic Ocean","SIZE":693.37819994100005,"MSLT":4.7388978004500002,"SWHS":1.52872395515,"TIDE":2.2022936344100001,"GCL2020":"NaN","COASTSP":"Mixed (rocky/artificial)"}},{"type":"Feature","id":493,"geometry":{"type":"Point","coordinates":[-3.965792858753332,48.690490117125307]},"properties":{"FID":493,"Name":"Saint Pol de Leon Pools (1)","Date":"1965-1980","CODSP":"FRA-020","Contr_Id":"FRA","Admin01":"France","Admin02":"Bretagne","Confidence":"High","Marin_Reg0":"North Atlantic Ocean","Marin_Reg1":"English Channel","SIZE":172.93430774999999,"MSLT":5.3016958236700003,"SWHS":1.5780403614,"TIDE":7.7400732040399998,"GCL2020":"Sandy","COASTSP":"Mixed (sandy/rocky)"}},{"type":"Feature","id":494,"geometry":{"type":"Point","coordinates":[-87.949540884162786,13.159437490248251]},"properties":{"FID":494,"Name":"Rancho Las Olas (2)","Date":" ","CODSP":"SLV-045","Contr_Id":"SLV","Admin01":"El Salvador","Admin02":"La Unión","Confidence":"High","Marin_Reg0":"North Pacific Ocean","Marin_Reg1":"North Pacific Ocean","SIZE":442.810422561,"MSLT":4.8557171821600003,"SWHS":0.44168779254000001,"TIDE":2.5553939342500001,"GCL2020":"Artificial","COASTSP":"Rocky"}},{"type":"Feature","id":495,"geometry":{"type":"Point","coordinates":[-87.969782034015452,13.158021576529052]},"properties":{"FID":495,"Name":"Conchagua (1)","Date":" ","CODSP":"SLV-007","Contr_Id":"SLV","Admin01":"El Salvador","Admin02":"La Unión","Confidence":"High","Marin_Reg0":"North Pacific Ocean","Marin_Reg1":"North Pacific Ocean","SIZE":147.68493246700001,"MSLT":4.8557171821600003,"SWHS":0.44168779254000001,"TIDE":2.52314352989,"GCL2020":"Artificial","COASTSP":"Rocky"}},{"type":"Feature","id":496,"geometry":{"type":"Point","coordinates":[-87.968823124687333,13.158034918077135]},"properties":{"FID":496,"Name":"Conchagua (5)","Date":" ","CODSP":"SLV-020","Contr_Id":"SLV","Admin01":"El Salvador","Admin02":"La Unión","Confidence":"High","Marin_Reg0":"North Pacific Ocean","Marin_Reg1":"North Pacific Ocean","SIZE":45.575583029999997,"MSLT":4.8557171821600003,"SWHS":0.44168779254000001,"TIDE":2.52314352989,"GCL2020":"Artificial","COASTSP":"Rocky"}},{"type":"Feature","id":497,"geometry":{"type":"Point","coordinates":[-89.399517957287799,13.493574425019858]},"properties":{"FID":497,"Name":"Cadejo Brewing Company • La Libertad - Pool (2)","Date":" ","CODSP":"SLV-004","Contr_Id":"SLV","Admin01":"El Salvador","Admin02":"La Libertad","Confidence":"High","Marin_Reg0":"North Pacific Ocean","Marin_Reg1":"North Pacific Ocean","SIZE":102.74864702799999,"MSLT":4.6740350723299997,"SWHS":0.77030110359199999,"TIDE":2.20023441315,"GCL2020":"Rocky","COASTSP":"Rocky"}},{"type":"Feature","id":498,"geometry":{"type":"Point","coordinates":[-2.8225861041653388,48.600024753040088]},"properties":{"FID":498,"Name":"Piscine extérieure Plage de la Banche (1)","Date":"1965-1980","CODSP":"FRA-015","Contr_Id":"FRA","Admin01":"France","Admin02":"Bretagne","Confidence":"High","Marin_Reg0":"North Atlantic Ocean","Marin_Reg1":"English Channel","SIZE":121.03222727799999,"MSLT":5.4942841529799997,"SWHS":0.50528645515399995,"TIDE":9.9450292587300009,"GCL2020":"Sandy","COASTSP":"Mixed (sandy/artificial)"}},{"type":"Feature","id":499,"geometry":{"type":"Point","coordinates":[-1.5877726815438109,48.849584457347362]},"properties":{"FID":499,"Name":"Piscine de Mer De Donville Les Bains","Date":"1960s","CODSP":"FRA-010","Contr_Id":"FRA","Admin01":"France","Admin02":"Normandie","Confidence":"High","Marin_Reg0":"North Atlantic Ocean","Marin_Reg1":"English Channel","SIZE":109.036127111,"MSLT":4.6086878776600004,"SWHS":0.59635090827899995,"TIDE":11.132525444000001,"GCL2020":"Sandy","COASTSP":"Sandy"}},{"type":"Feature","id":500,"geometry":{"type":"Point","coordinates":[121.91810876821603,25.100115147564395]},"properties":{"FID":500,"Name":"Four Seasons de Longdong (龍洞四季灣海泳區) pools","Date":" ","CODSP":"TWN-001","Contr_Id":"TWN","Admin01":"Taiwan","Admin02":"Taiwan Province","Confidence":"High","Marin_Reg0":"North Pacific Ocean","Marin_Reg1":"Eastern China Sea","SIZE":728.27047673499999,"MSLT":3.1388504505200001,"SWHS":1.41275715828,"TIDE":1.20491552353,"GCL2020":"Rocky","COASTSP":"Rocky"}},{"type":"Feature","id":501,"geometry":{"type":"Point","coordinates":[-3.3126848965906106,43.405348302082643]},"properties":{"FID":501,"Name":"Piscina en Ensenada de Oriñon","Date":" ","CODSP":"ESP-052","Contr_Id":"ESP","Admin01":"Spain","Admin02":"Cantabria","Confidence":"High","Marin_Reg0":"North Atlantic Ocean","Marin_Reg1":"Bay of Biscay","SIZE":12062.5190845,"MSLT":5.0102887153599998,"SWHS":1.34146809578,"TIDE":3.8049111366299999,"GCL2020":"Rocky","COASTSP":"Rocky"}},{"type":"Feature","id":502,"geometry":{"type":"Point","coordinates":[-16.578348709325439,28.404465351594752]},"properties":{"FID":502,"Name":"Piscina el Toscal (2)","Date":"1964-1982","CODSP":"ESP-050","Contr_Id":"ESP","Admin01":"Spain","Admin02":"Canarias","Confidence":"High","Marin_Reg0":"North Atlantic Ocean","Marin_Reg1":"North Atlantic Ocean","SIZE":205.93774888300001,"MSLT":4.9024639129600001,"SWHS":1.5487434864,"TIDE":2.1748921871200002,"GCL2020":"NaN","COASTSP":"Rocky"}},{"type":"Feature","id":503,"geometry":{"type":"Point","coordinates":[121.91844450630913,25.118753875890832]},"properties":{"FID":503,"Name":"Longdong Bay Park Visitor Center (1)","Date":" ","CODSP":"TWN-006","Contr_Id":"TWN","Admin01":"Taiwan","Admin02":"Taiwan Province","Confidence":"High","Marin_Reg0":"North Pacific Ocean","Marin_Reg1":"Eastern China Sea","SIZE":254.05582175200001,"MSLT":3.1388504505200001,"SWHS":1.41275715828,"TIDE":1.2261545658099999,"GCL2020":"Rocky","COASTSP":"Rocky"}},{"type":"Feature","id":504,"geometry":{"type":"Point","coordinates":[121.91823784300209,25.118308567586439]},"properties":{"FID":504,"Name":"Longdong Bay Park Visitor Center (2)","Date":" ","CODSP":"TWN-007","Contr_Id":"TWN","Admin01":"Taiwan","Admin02":"Taiwan Province","Confidence":"High","Marin_Reg0":"North Pacific Ocean","Marin_Reg1":"Eastern China Sea","SIZE":79.791040222899994,"MSLT":3.1388504505200001,"SWHS":1.41275715828,"TIDE":1.2261545658099999,"GCL2020":"Rocky","COASTSP":"Rocky"}},{"type":"Feature","id":505,"geometry":{"type":"Point","coordinates":[-1.9810550167639462,48.527787279726965]},"properties":{"FID":505,"Name":"Piscine d'eau de mer Le Cale de Plouër","Date":"1965-1980","CODSP":"FRA-009","Contr_Id":"FRA","Admin01":"France","Admin02":"Bretagne","Confidence":"High","Marin_Reg0":"North Atlantic Ocean","Marin_Reg1":"English Channel","SIZE":1623.46630996,"MSLT":4.9144053459199997,"SWHS":0.43534013629000001,"TIDE":14.310817718499999,"GCL2020":"Biogenic","COASTSP":"Mixed (artificial/rocky)"}},{"type":"Feature","id":506,"geometry":{"type":"Point","coordinates":[150.94669999680752,-34.291453557935313]},"properties":{"FID":506,"Name":"Coledale Rock Pool (1)","Date":"1921","CODSP":"AUS-020","Contr_Id":"AUS","Admin01":"Australia","Admin02":"New South Wales","Confidence":"High","Marin_Reg0":"South Pacific Ocean","Marin_Reg1":"Tasman Sea","SIZE":73.293506570100007,"MSLT":2.8736906051600002,"SWHS":1.3628461360899999,"TIDE":1.7100415229799999,"GCL2020":"Rocky","COASTSP":"Rocky"}},{"type":"Feature","id":507,"geometry":{"type":"Point","coordinates":[-2.8347508723626333,48.655480201452121]},"properties":{"FID":507,"Name":"Piscine d'eau de Mer / Plage du Chatelet (1)","Date":"1960","CODSP":"FRA-006","Contr_Id":"FRA","Admin01":"France","Admin02":"Bretagne","Confidence":"High","Marin_Reg0":"North Atlantic Ocean","Marin_Reg1":"English Channel","SIZE":1825.1649050799999,"MSLT":5.4942841529799997,"SWHS":1.12796711922,"TIDE":9.8340053558299996,"GCL2020":"Sandy","COASTSP":"Mixed (rocky/sandy)"}},{"type":"Feature","id":508,"geometry":{"type":"Point","coordinates":[151.25769447981668,-33.922797035554652]},"properties":{"FID":508,"Name":"Ross Jones Rockpool (1)","Date":"1947","CODSP":"AUS-059","Contr_Id":"AUS","Admin01":"Australia","Admin02":"New South Wales","Confidence":"High","Marin_Reg0":"South Pacific Ocean","Marin_Reg1":"Tasman Sea","SIZE":107.825290671,"MSLT":3.2987504005399999,"SWHS":1.24982380867,"TIDE":1.73135471344,"GCL2020":"Artificial","COASTSP":"Mixed (rocky/sandy)"}},{"type":"Feature","id":509,"geometry":{"type":"Point","coordinates":[14.504533547985034,35.915956567041974]},"properties":{"FID":509,"Name":"Roman baths (2)","Date":" ","CODSP":"MLT-005","Contr_Id":"MLT","Admin01":"Malta","Admin02":"Eastern","Confidence":"High","Marin_Reg0":"Mediterranean region","Marin_Reg1":"Mediterranean Sea - Eastern Basin","SIZE":878.74239921799995,"MSLT":4.6544017791699996,"SWHS":1.7723762989,"TIDE":0.24461394548400001,"GCL2020":"NaN","COASTSP":"Rocky"}},{"type":"Feature","id":510,"geometry":{"type":"Point","coordinates":[-99.864135129332738,16.833051873745092]},"properties":{"FID":510,"Name":"Marina - Las Brisas","Date":" ","CODSP":"MEX-014","Contr_Id":"MEX","Admin01":"Mexico","Admin02":"Guerrero","Confidence":"High","Marin_Reg0":"North Pacific Ocean","Marin_Reg1":"North Pacific Ocean","SIZE":454.70619646400002,"MSLT":4.8637671470599999,"SWHS":0.86141777038599998,"TIDE":0.94358575344100004,"GCL2020":"Artificial","COASTSP":"Artificial"}},{"type":"Feature","id":511,"geometry":{"type":"Point","coordinates":[-77.343750201910268,18.463520720704878]},"properties":{"FID":511,"Name":"Club Ambiance beach pool Jamaica","Date":" ","CODSP":"JAM-001","Contr_Id":"JAM","Admin01":"Jamaica","Admin02":"Saint Ann","Confidence":"High","Marin_Reg0":"North Atlantic Ocean","Marin_Reg1":"Caribbean Sea","SIZE":1472.8660678799999,"MSLT":4.9507541656500003,"SWHS":0.65384602546699999,"TIDE":0.417210459709,"GCL2020":"Rocky","COASTSP":"Mixed (artificial/sandy)"}},{"type":"Feature","id":512,"geometry":{"type":"Point","coordinates":[-77.979129188724471,18.453031972348413]},"properties":{"FID":512,"Name":"Pineapple Beach","Date":" ","CODSP":"JAM-002","Contr_Id":"JAM","Admin01":"Jamaica","Admin02":"Saint James","Confidence":"High","Marin_Reg0":"North Atlantic Ocean","Marin_Reg1":"Caribbean Sea","SIZE":380.81992973299998,"MSLT":5.0028138160699998,"SWHS":0.77127766609199999,"TIDE":0.40943232178700001,"GCL2020":"Rocky","COASTSP":"Mixed (artificial/sandy)"}},{"type":"Feature","id":513,"geometry":{"type":"Point","coordinates":[-82.445511514844441,23.10790827184934]},"properties":{"FID":513,"Name":"Spa Club Comodoro pool","Date":" ","CODSP":"CUB-011","Contr_Id":"CUB","Admin01":"Cuba","Admin02":"La Habana","Confidence":"High","Marin_Reg0":"North Atlantic Ocean","Marin_Reg1":"North Atlantic Ocean","SIZE":4524.6404476500002,"MSLT":5.9644002914399996,"SWHS":0.68546223640399995,"TIDE":0.65563672781000004,"GCL2020":"Rocky","COASTSP":"Mixed (artificial/rocky)"}},{"type":"Feature","id":514,"geometry":{"type":"Point","coordinates":[-82.41652119959366,23.132245699879206]},"properties":{"FID":514,"Name":"Hotel Sierra Maestra Pool","Date":" ","CODSP":"CUB-005","Contr_Id":"CUB","Admin01":"Cuba","Admin02":"La Habana","Confidence":"High","Marin_Reg0":"North Atlantic Ocean","Marin_Reg1":"North Atlantic Ocean","SIZE":6090.7351800799997,"MSLT":5.9644002914399996,"SWHS":0.68546223640399995,"TIDE":0.65855103731200004,"GCL2020":"Rocky","COASTSP":"Mixed (artificial/rocky)"}},{"type":"Feature","id":515,"geometry":{"type":"Point","coordinates":[-82.426053546408923,23.124705270966274]},"properties":{"FID":515,"Name":"Avenida 1ra (17) pool","Date":" ","CODSP":"CUB-002","Contr_Id":"CUB","Admin01":"Cuba","Admin02":"La Habana","Confidence":"High","Marin_Reg0":"North Atlantic Ocean","Marin_Reg1":"North Atlantic Ocean","SIZE":72.637011549999997,"MSLT":5.9644002914399996,"SWHS":0.68546223640399995,"TIDE":0.656672000885,"GCL2020":"Rocky","COASTSP":"Mixed (rocky/artificial)"}},{"type":"Feature","id":516,"geometry":{"type":"Point","coordinates":[27.702789645325936,-33.147783034659255]},"properties":{"FID":516,"Name":"Kidd's beach tidal pool","Date":"1963","CODSP":"ZAF-039","Contr_Id":"ZAF","Admin01":"South Africa","Admin02":"Eastern Cape","Confidence":"High","Marin_Reg0":"Indian Ocean","Marin_Reg1":"Indian Ocean","SIZE":5856.7247035399996,"MSLT":3.8766343593600001,"SWHS":1.95343708992,"TIDE":1.6960269212700001,"GCL2020":"Sandy","COASTSP":"Mixed (rocky/sandy)"}},{"type":"Feature","id":517,"geometry":{"type":"Point","coordinates":[-16.652095901404664,28.008112923472765]},"properties":{"FID":517,"Name":"ten bel","Date":"1970s","CODSP":"ESP-100","Contr_Id":"ESP","Admin01":"Spain","Admin02":"Canarias","Confidence":"High","Marin_Reg0":"North Atlantic Ocean","Marin_Reg1":"North Atlantic Ocean","SIZE":3454.82057356,"MSLT":4.8322677612299998,"SWHS":1.03287434578,"TIDE":1.97457873821,"GCL2020":"NaN","COASTSP":"Mixed (artificial/rocky)"}},{"type":"Feature","id":518,"geometry":{"type":"Point","coordinates":[-82.448765692782388,23.10446102925323]},"properties":{"FID":518,"Name":"Piscina cerca Casa Central de las FAR","Date":" ","CODSP":"CUB-007","Contr_Id":"CUB","Admin01":"Cuba","Admin02":"La Habana","Confidence":"High","Marin_Reg0":"North Atlantic Ocean","Marin_Reg1":"North Atlantic Ocean","SIZE":628.92355667000004,"MSLT":5.9644002914399996,"SWHS":0.68546223640399995,"TIDE":0.65563672781000004,"GCL2020":"Rocky","COASTSP":"Mixed (artificial/rocky)"}},{"type":"Feature","id":519,"geometry":{"type":"Point","coordinates":[-3.1864054232715944,53.367371358201751]},"properties":{"FID":519,"Name":"Marine Lake West Kirby","Date":"1890s","CODSP":"GBR-018","Contr_Id":"GBR","Admin01":"United Kingdom","Admin02":"England","Confidence":"High","Marin_Reg0":"North Atlantic Ocean","Marin_Reg1":"Irish Sea and St. George's Channel","SIZE":213180.87855200001,"MSLT":5.3276166915900003,"SWHS":0.69681477546699999,"TIDE":8.1954641342199999,"GCL2020":"Muddy","COASTSP":"Sandy"}},{"type":"Feature","id":520,"geometry":{"type":"Point","coordinates":[9.2160826477960427,44.335524948118007]},"properties":{"FID":520,"Name":"Hotel Helios pool","Date":" ","CODSP":"ITA-005","Contr_Id":"ITA","Admin01":"Italy","Admin02":"Liguria","Confidence":"High","Marin_Reg0":"Mediterranean region","Marin_Reg1":"Ligurian Sea","SIZE":647.65882797699999,"MSLT":4.32541847229,"SWHS":0.78234535455700005,"TIDE":0.33616107702300002,"GCL2020":"Artificial","COASTSP":"Mixed (sandy/artificial)"}},{"type":"Feature","id":521,"geometry":{"type":"Point","coordinates":[119.43059572631194,23.187970315377868]},"properties":{"FID":521,"Name":"Waiting Husband Reef","Date":" ","CODSP":"TWN-008","Contr_Id":"TWN","Admin01":"Taiwan","Admin02":"Taiwan Province","Confidence":"High","Marin_Reg0":"South China and Easter Archipelagic Seas","Marin_Reg1":"South China Sea","SIZE":1008.62249141,"MSLT":3.45864105225,"SWHS":1.69766926765,"TIDE":2.1320786476100002,"GCL2020":"NaN","COASTSP":"Rocky"}},{"type":"Feature","id":522,"geometry":{"type":"Point","coordinates":[-2.004141245509004,50.591604470609639]},"properties":{"FID":522,"Name":"Dancing Ledge","Date":"1900","CODSP":"GBR-009","Contr_Id":"GBR","Admin01":"United Kingdom","Admin02":"England","Confidence":"High","Marin_Reg0":"North Atlantic Ocean","Marin_Reg1":"English Channel","SIZE":38.296618964700002,"MSLT":5.1509923934900002,"SWHS":1.26981282234,"TIDE":1.6345055103299999,"GCL2020":"Rocky","COASTSP":"Rocky"}},{"type":"Feature","id":523,"geometry":{"type":"Point","coordinates":[0.65342835563421886,51.539251081272482]},"properties":{"FID":523,"Name":"Thames estuary pool 1","Date":"1914-1930","CODSP":"GBR-036","Contr_Id":"GBR","Admin01":"United Kingdom","Admin02":"England","Confidence":"High","Marin_Reg0":"North Atlantic Ocean","Marin_Reg1":"North Sea","SIZE":268.27233682000002,"MSLT":4.5903515815700002,"SWHS":0.85489583015399995,"TIDE":5.6456627845799998,"GCL2020":"Artificial","COASTSP":"Sandy"}},{"type":"Feature","id":524,"geometry":{"type":"Point","coordinates":[0.66118915325688477,51.538590500451335]},"properties":{"FID":524,"Name":"Thames Estuary pool 2","Date":"1914-1930","CODSP":"GBR-037","Contr_Id":"GBR","Admin01":"United Kingdom","Admin02":"England","Confidence":"High","Marin_Reg0":"North Atlantic Ocean","Marin_Reg1":"North Sea","SIZE":1534.1371581200001,"MSLT":4.5903515815700002,"SWHS":0.85489583015399995,"TIDE":5.6456627845799998,"GCL2020":"Artificial","COASTSP":"Sandy"}},{"type":"Feature","id":525,"geometry":{"type":"Point","coordinates":[0.6728551129731386,51.537464865811046]},"properties":{"FID":525,"Name":"Thames estuary pool 3","Date":"1914-1930","CODSP":"GBR-038","Contr_Id":"GBR","Admin01":"United Kingdom","Admin02":"England","Confidence":"High","Marin_Reg0":"North Atlantic Ocean","Marin_Reg1":"North Sea","SIZE":907.13217304,"MSLT":4.5903515815700002,"SWHS":0.85489583015399995,"TIDE":5.6456627845799998,"GCL2020":"Artificial","COASTSP":"Mixed (sandy/pebbly)"}},{"type":"Feature","id":526,"geometry":{"type":"Point","coordinates":[0.71270580852637977,51.532845279586013]},"properties":{"FID":526,"Name":"Thames estuary pool 5 /3 Shells Beach and Lagoon\r\n","Date":"1914-1930","CODSP":"GBR-040","Contr_Id":"GBR","Admin01":"United Kingdom","Admin02":"England","Confidence":"High","Marin_Reg0":"North Atlantic Ocean","Marin_Reg1":"North Sea","SIZE":1831.8764290199999,"MSLT":4.5903515815700002,"SWHS":0.85489583015399995,"TIDE":5.6441230773899997,"GCL2020":"Artificial","COASTSP":"Mixed (sandy/pebbly)"}},{"type":"Feature","id":527,"geometry":{"type":"Point","coordinates":[0.68349086870864539,51.535505355487828]},"properties":{"FID":527,"Name":"Thames estuary pool 4","Date":"1914-1930","CODSP":"GBR-039","Contr_Id":"GBR","Admin01":"United Kingdom","Admin02":"England","Confidence":"High","Marin_Reg0":"North Atlantic Ocean","Marin_Reg1":"North Sea","SIZE":2140.2659357799998,"MSLT":4.5903515815700002,"SWHS":0.85489583015399995,"TIDE":5.6441230773899997,"GCL2020":"Artificial","COASTSP":"Mixed (sandy/pebbly)"}},{"type":"Feature","id":528,"geometry":{"type":"Point","coordinates":[0.73765759941886699,51.529440102778665]},"properties":{"FID":528,"Name":"Thames estuary pool 6\r\n","Date":"1914-1930","CODSP":"GBR-041","Contr_Id":"GBR","Admin01":"United Kingdom","Admin02":"England","Confidence":"High","Marin_Reg0":"North Atlantic Ocean","Marin_Reg1":"North Sea","SIZE":495.30969690199998,"MSLT":4.5903515815700002,"SWHS":0.85489583015399995,"TIDE":5.61203622818,"GCL2020":"Artificial","COASTSP":"Mixed (sandy/pebbly)"}},{"type":"Feature","id":529,"geometry":{"type":"Point","coordinates":[0.79929541744962762,51.528955223404864]},"properties":{"FID":529,"Name":"Thames estuary pool 8\r\n","Date":"1914-1930","CODSP":"GBR-043","Contr_Id":"GBR","Admin01":"United Kingdom","Admin02":"England","Confidence":"High","Marin_Reg0":"North Atlantic Ocean","Marin_Reg1":"North Sea","SIZE":2361.3374986399999,"MSLT":3.5799748897599999,"SWHS":0.85489583015399995,"TIDE":5.4807395935100001,"GCL2020":"Artificial","COASTSP":"Mixed (sandy/pebbly)"}},{"type":"Feature","id":530,"geometry":{"type":"Point","coordinates":[0.75492542716682465,51.528489090399262]},"properties":{"FID":530,"Name":"Thames estuary pool 7\r\n","Date":"1914-1930","CODSP":"GBR-042","Contr_Id":"GBR","Admin01":"United Kingdom","Admin02":"England","Confidence":"High","Marin_Reg0":"North Atlantic Ocean","Marin_Reg1":"North Sea","SIZE":512.88738297600003,"MSLT":3.5799748897599999,"SWHS":0.85489583015399995,"TIDE":5.5736513137800001,"GCL2020":"Artificial","COASTSP":"Mixed (sandy/pebbly)"}},{"type":"Feature","id":531,"geometry":{"type":"Point","coordinates":[-7.6785199427411044,33.597435061079295]},"properties":{"FID":531,"Name":"Miami plage Casablanca","Date":" ","CODSP":"MAR-002","Contr_Id":"MAR","Admin01":"Morocco","Admin02":"Casablanca-Settat","Confidence":"High","Marin_Reg0":"North Atlantic Ocean","Marin_Reg1":"North Atlantic Ocean","SIZE":9760.2956649000007,"MSLT":4.3772287368800002,"SWHS":2.0386726856199999,"TIDE":2.9618604183200001,"GCL2020":"Artificial","COASTSP":"Mixed (rocky/artificial)"}},{"type":"Feature","id":532,"geometry":{"type":"Point","coordinates":[-7.6300933337403194,33.608467824330717]},"properties":{"FID":532,"Name":"Merib3a | المريبعة","Date":"2000s","CODSP":"MAR-001","Contr_Id":"MAR","Admin01":"Morocco","Admin02":"Casablanca-Settat","Confidence":"High","Marin_Reg0":"North Atlantic Ocean","Marin_Reg1":"North Atlantic Ocean","SIZE":2030.27302775,"MSLT":4.3772287368800002,"SWHS":2.0386726856199999,"TIDE":2.96130514145,"GCL2020":"Artificial","COASTSP":"Rocky"}},{"type":"Feature","id":533,"geometry":{"type":"Point","coordinates":[-7.3191920043075243,33.740524959759171]},"properties":{"FID":533,"Name":"Piscine palmiers (1)","Date":" ","CODSP":"MAR-004","Contr_Id":"MAR","Admin01":"Morocco","Admin02":"Casablanca-Settat","Confidence":"High","Marin_Reg0":"North Atlantic Ocean","Marin_Reg1":"North Atlantic Ocean","SIZE":5115.5864384400002,"MSLT":4.7610225677500004,"SWHS":1.96854329109,"TIDE":2.9653134346000001,"GCL2020":"Rocky","COASTSP":"Sandy"}},{"type":"Feature","id":534,"geometry":{"type":"Point","coordinates":[-7.3043146950670916,33.751932420145238]},"properties":{"FID":534,"Name":"Piscine naturelle","Date":" ","CODSP":"MAR-003","Contr_Id":"MAR","Admin01":"Morocco","Admin02":"Casablanca-Settat","Confidence":"High","Marin_Reg0":"North Atlantic Ocean","Marin_Reg1":"North Atlantic Ocean","SIZE":7820.1815882299998,"MSLT":4.5781393051099997,"SWHS":1.96854329109,"TIDE":2.9648156166100001,"GCL2020":"Rocky","COASTSP":"Rocky"}},{"type":"Feature","id":535,"geometry":{"type":"Point","coordinates":[-7.2675116509947202,33.777862477134477]},"properties":{"FID":535,"Name":"Plage Al Marjane","Date":" ","CODSP":"MAR-006","Contr_Id":"MAR","Admin01":"Morocco","Admin02":"Casablanca-Settat","Confidence":"High","Marin_Reg0":"North Atlantic Ocean","Marin_Reg1":"North Atlantic Ocean","SIZE":2811.1290113599998,"MSLT":4.5781393051099997,"SWHS":1.96854329109,"TIDE":2.9660024642899998,"GCL2020":"Rocky","COASTSP":"Mixed (sandy/rocky)"}},{"type":"Feature","id":536,"geometry":{"type":"Point","coordinates":[151.26172768108779,-33.933403769268409]},"properties":{"FID":536,"Name":"Ivo Rowe Ocean pool","Date":"1930s","CODSP":"AUS-032","Contr_Id":"AUS","Admin01":"Australia","Admin02":"New South Wales","Confidence":"High","Marin_Reg0":"South Pacific Ocean","Marin_Reg1":"Tasman Sea","SIZE":75.948631775999999,"MSLT":3.2987504005399999,"SWHS":1.24982380867,"TIDE":1.73135471344,"GCL2020":"Artificial","COASTSP":"Rocky"}},{"type":"Feature","id":537,"geometry":{"type":"Point","coordinates":[136.89795887790012,37.406893542703017]},"properties":{"FID":537,"Name":"Kamogaura Saltwater Pool","Date":"1935/1950","CODSP":"JPN-003","Contr_Id":"JPN","Admin01":"Japan","Admin02":"Ishikawa Ken","Confidence":"High","Marin_Reg0":"North Pacific Ocean","Marin_Reg1":"Japan Sea","SIZE":306.89031216199999,"MSLT":3.3529188633000002,"SWHS":2.48978352547,"TIDE":0.37611660361299998,"GCL2020":"Artificial","COASTSP":"Rocky"}},{"type":"Feature","id":538,"geometry":{"type":"Point","coordinates":[121.73243680751284,25.161252848240508]},"properties":{"FID":538,"Name":"Keelung Haixing swimming association","Date":" ","CODSP":"TWN-005","Contr_Id":"TWN","Admin01":"Taiwan","Admin02":"Taiwan Province","Confidence":"High","Marin_Reg0":"North Pacific Ocean","Marin_Reg1":"Eastern China Sea","SIZE":355.25323635799998,"MSLT":3.0442235469800001,"SWHS":1.41275715828,"TIDE":1.31214857101,"GCL2020":"Rocky","COASTSP":"Rocky"}},{"type":"Feature","id":539,"geometry":{"type":"Point","coordinates":[103.83401692604036,1.2128597876491085]},"properties":{"FID":539,"Name":"Sister's Islands beach pool","Date":"2020s","CODSP":"SGP-001","Contr_Id":"SGP","Admin01":"Singapore","Admin02":"Tanjong Pagar","Confidence":"High","Marin_Reg0":"South China and Easter Archipelagic Seas","Marin_Reg1":"Singapore Strait","SIZE":4750.7836364599998,"MSLT":4.1483082771299999,"SWHS":0.37100908160200002,"TIDE":3.4020566940300001,"GCL2020":"NaN","COASTSP":"Mixed (artificial/sandy)"}},{"type":"Feature","id":540,"geometry":{"type":"Point","coordinates":[-87.117221681135561,20.579352981654836]},"properties":{"FID":540,"Name":"Piscina en Parque Xcaret (3)","Date":" ","CODSP":"MEX-017","Contr_Id":"MEX","Admin01":"Mexico","Admin02":"Quintana Roo","Confidence":"High","Marin_Reg0":"North Atlantic Ocean","Marin_Reg1":"Caribbean Sea","SIZE":1044.61931183,"MSLT":5.2524857521100001,"SWHS":0.63895344734199999,"TIDE":0.25976639986,"GCL2020":"Rocky","COASTSP":"Mixed (artificial/rocky)"}},{"type":"Feature","id":541,"geometry":{"type":"Point","coordinates":[-87.118732641997781,20.578582794160809]},"properties":{"FID":541,"Name":"Piscina en Parque Xcaret (1)","Date":" ","CODSP":"MEX-015","Contr_Id":"MEX","Admin01":"Mexico","Admin02":"Quintana Roo","Confidence":"High","Marin_Reg0":"North Atlantic Ocean","Marin_Reg1":"Caribbean Sea","SIZE":114.809932018,"MSLT":5.2524857521100001,"SWHS":0.63895344734199999,"TIDE":0.25976639986,"GCL2020":"Rocky","COASTSP":"Rocky"}},{"type":"Feature","id":542,"geometry":{"type":"Point","coordinates":[-87.115452941300077,20.580182130500987]},"properties":{"FID":542,"Name":"Quintana Roo","Date":" ","CODSP":"MEX-019","Contr_Id":"MEX","Admin01":"Mexico","Admin02":"Quintana Roo","Confidence":"High","Marin_Reg0":"North Atlantic Ocean","Marin_Reg1":"Caribbean Sea","SIZE":228.689686674,"MSLT":5.2524857521100001,"SWHS":0.63895344734199999,"TIDE":0.26109400391600002,"GCL2020":"Rocky","COASTSP":"Rocky"}},{"type":"Feature","id":543,"geometry":{"type":"Point","coordinates":[-87.120027027661763,20.577413385355271]},"properties":{"FID":543,"Name":"La Laguna Xcaret (3)","Date":" ","CODSP":"MEX-011","Contr_Id":"MEX","Admin01":"Mexico","Admin02":"Quintana Roo","Confidence":"High","Marin_Reg0":"North Atlantic Ocean","Marin_Reg1":"Caribbean Sea","SIZE":565.83074434499997,"MSLT":5.2524857521100001,"SWHS":0.63895344734199999,"TIDE":0.25976639986,"GCL2020":"Rocky","COASTSP":"Rocky"}},{"type":"Feature","id":544,"geometry":{"type":"Point","coordinates":[-87.210228398022082,20.508556051520713]},"properties":{"FID":544,"Name":"Riviera Maya Pool (2)","Date":" ","CODSP":"MEX-021","Contr_Id":"MEX","Admin01":"Mexico","Admin02":"Quintana Roo","Confidence":"High","Marin_Reg0":"North Atlantic Ocean","Marin_Reg1":"Caribbean Sea","SIZE":8072.5415415899997,"MSLT":5.2524857521100001,"SWHS":0.63895344734199999,"TIDE":0.25695580244100003,"GCL2020":"Artificial","COASTSP":"Rocky"}},{"type":"Feature","id":545,"geometry":{"type":"Point","coordinates":[-87.214681356059714,20.505595384419507]},"properties":{"FID":545,"Name":"Riviera Maya Pool (1)","Date":" ","CODSP":"MEX-020","Contr_Id":"MEX","Admin01":"Mexico","Admin02":"Quintana Roo","Confidence":"High","Marin_Reg0":"North Atlantic Ocean","Marin_Reg1":"Caribbean Sea","SIZE":3668.0965395200001,"MSLT":5.2524857521100001,"SWHS":0.63895344734199999,"TIDE":0.25695580244100003,"GCL2020":"Artificial","COASTSP":"Rocky"}},{"type":"Feature","id":546,"geometry":{"type":"Point","coordinates":[-87.230408018315359,20.497819172416996]},"properties":{"FID":546,"Name":"Puerto aventuras","Date":" ","CODSP":"MEX-018","Contr_Id":"MEX","Admin01":"Mexico","Admin02":"Quintana Roo","Confidence":"High","Marin_Reg0":"North Atlantic Ocean","Marin_Reg1":"Caribbean Sea","SIZE":1182.17108003,"MSLT":5.4297938346899999,"SWHS":0.63895344734199999,"TIDE":0.25679978728300001,"GCL2020":"Artificial","COASTSP":"Sandy"}},{"type":"Feature","id":547,"geometry":{"type":"Point","coordinates":[-86.940557467153326,20.528027599594168]},"properties":{"FID":547,"Name":"Cozumel","Date":" ","CODSP":"MEX-005","Contr_Id":"MEX","Admin01":"Mexico","Admin02":"Quintana Roo","Confidence":"High","Marin_Reg0":"North Atlantic Ocean","Marin_Reg1":"Caribbean Sea","SIZE":471.16003774500001,"MSLT":5.2947487831100002,"SWHS":1.13516926765,"TIDE":0.26560112833999999,"GCL2020":"NaN","COASTSP":"Artificial"}},{"type":"Feature","id":548,"geometry":{"type":"Point","coordinates":[-68.343190363144686,18.558301942080959]},"properties":{"FID":548,"Name":"Corales beach Puntacana Resort","Date":" ","CODSP":"DOM-001","Contr_Id":"DOM","Admin01":"Dominican Republic","Admin02":"La Altagracia","Confidence":"High","Marin_Reg0":"North Atlantic Ocean","Marin_Reg1":"Caribbean Sea","SIZE":10245.849862200001,"MSLT":4.6784615516699999,"SWHS":1.24271321297,"TIDE":0.53881150484100004,"GCL2020":"Rocky","COASTSP":"Rocky"}},{"type":"Feature","id":549,"geometry":{"type":"Point","coordinates":[24.462014639055838,35.365020318354198]},"properties":{"FID":549,"Name":"Despotiko Beach-pool","Date":" ","CODSP":"GRC-001","Contr_Id":"GRC","Admin01":"Greece","Admin02":"Crete","Confidence":"High","Marin_Reg0":"Mediterranean region","Marin_Reg1":"Aegean Sea","SIZE":249.64498443799999,"MSLT":2.7178421020500001,"SWHS":1.44681477547,"TIDE":0.088429242372499994,"GCL2020":"Artificial","COASTSP":"Mixed (rocky/sandy)"}},{"type":"Feature","id":550,"geometry":{"type":"Point","coordinates":[24.651363595553619,35.420040932643019]},"properties":{"FID":550,"Name":"Ouzo bar pool","Date":" ","CODSP":"GRC-002","Contr_Id":"GRC","Admin01":"Greece","Admin02":"Crete","Confidence":"High","Marin_Reg0":"Mediterranean region","Marin_Reg1":"Aegean Sea","SIZE":1517.1074549800001,"MSLT":2.5946238040899998,"SWHS":1.33267903328,"TIDE":0.091222964227199999,"GCL2020":"Rocky","COASTSP":"Mixed (artificial/rocky)"}},{"type":"Feature","id":551,"geometry":{"type":"Point","coordinates":[25.548944087399832,35.321724212802224]},"properties":{"FID":551,"Name":"Volakias beach pool","Date":" ","CODSP":"GRC-004","Contr_Id":"GRC","Admin01":"Greece","Admin02":"Crete","Confidence":"High","Marin_Reg0":"Mediterranean region","Marin_Reg1":"Aegean Sea","SIZE":3957.44609055,"MSLT":3.1347501277899998,"SWHS":1.1737434864,"TIDE":0.11532963067300001,"GCL2020":"Rocky","COASTSP":"Mixed (rocky/artificial)"}},{"type":"Feature","id":552,"geometry":{"type":"Point","coordinates":[-171.56214357037391,-14.044656616671887]},"properties":{"FID":552,"Name":"To sua beach pool","Date":" ","CODSP":"WSM-002","Contr_Id":"WSM","Admin01":"Samoa","Admin02":"Atua","Confidence":"High","Marin_Reg0":"South Pacific Ocean","Marin_Reg1":"South Pacific Ocean","SIZE":123.62466188,"MSLT":3.1359968185399998,"SWHS":1.29923176765,"TIDE":1.0786960125,"GCL2020":"NaN","COASTSP":"Rocky"}},{"type":"Feature","id":553,"geometry":{"type":"Point","coordinates":[-9.2157843198357909,38.691898392337521]},"properties":{"FID":553,"Name":"Torre de Belém pool","Date":" ","CODSP":"POR-048","Contr_Id":"POR","Admin01":"Portugal","Admin02":"Lisboa","Confidence":"High","Marin_Reg0":"North Atlantic Ocean","Marin_Reg1":"North Atlantic Ocean","SIZE":3535.4500073300001,"MSLT":4.9881587028499998,"SWHS":2.1149055957799998,"TIDE":2.9323427677199998,"GCL2020":"Estuary","COASTSP":"Artificial"}},{"type":"Feature","id":554,"geometry":{"type":"Point","coordinates":[-9.3016295699486022,38.687073045184889]},"properties":{"FID":554,"Name":"Praia das Fontainhas","Date":" ","CODSP":"POR-045","Contr_Id":"POR","Admin01":"Portugal","Admin02":"Lisboa","Confidence":"High","Marin_Reg0":"North Atlantic Ocean","Marin_Reg1":"North Atlantic Ocean","SIZE":1744.8692891200001,"MSLT":4.5025281906099996,"SWHS":2.1149055957799998,"TIDE":2.9373834133100001,"GCL2020":"Artificial","COASTSP":"Mixed (rocky/artificial)"}},{"type":"Feature","id":555,"geometry":{"type":"Point","coordinates":[35.100658860518138,33.048303527585858]},"properties":{"FID":555,"Name":"Nahariya","Date":" ","CODSP":"ISR-001","Contr_Id":"ISR","Admin01":"Israel","Admin02":"Northern District","Confidence":"High","Marin_Reg0":"Mediterranean region","Marin_Reg1":"Mediterranean Sea - Eastern Basin","SIZE":3449.42958744,"MSLT":3.48866081238,"SWHS":1.24539875984,"TIDE":0.44369751214999997,"GCL2020":"Rocky","COASTSP":"Mixed (rocky/artificial)"}},{"type":"Feature","id":556,"geometry":{"type":"Point","coordinates":[35.100890405368091,33.049702996796043]},"properties":{"FID":556,"Name":"Piscina de Achziv","Date":" ","CODSP":"ISR-002","Contr_Id":"ISR","Admin01":"Israel","Admin02":"Northern District","Confidence":"High","Marin_Reg0":"Mediterranean region","Marin_Reg1":"Mediterranean Sea - Eastern Basin","SIZE":171.53293204100001,"MSLT":3.48866081238,"SWHS":1.24539875984,"TIDE":0.44369751214999997,"GCL2020":"Rocky","COASTSP":"Rocky"}},{"type":"Feature","id":557,"geometry":{"type":"Point","coordinates":[31.926935158630783,36.562609342147482]},"properties":{"FID":557,"Name":"Elikesik","Date":"2020s","CODSP":"TUR-001","Contr_Id":"TUR","Admin01":"Turkey","Admin02":"Antalya","Confidence":"High","Marin_Reg0":"Mediterranean region","Marin_Reg1":"Mediterranean Sea - Eastern Basin","SIZE":3016.32418168,"MSLT":3.3428721427900001,"SWHS":0.85684895515399995,"TIDE":0.35480177402500002,"GCL2020":"Rocky","COASTSP":"Mixed (artificial/sandy)"}},{"type":"Feature","id":558,"geometry":{"type":"Point","coordinates":[109.21263663167525,12.19552659767453]},"properties":{"FID":558,"Name":"An Viên Khánh Hòa","Date":"2000s","CODSP":"VNM-001","Contr_Id":"VNM","Admin01":"Vietnam","Admin02":"Tỉnh Khánh Hòa","Confidence":"High","Marin_Reg0":"South China and Easter Archipelagic Seas","Marin_Reg1":"South China Sea","SIZE":29534.896146200001,"MSLT":4.3737378120399999,"SWHS":1.46231770515,"TIDE":1.74849665165,"GCL2020":"Artificial","COASTSP":"Artificial"}},{"type":"Feature","id":559,"geometry":{"type":"Point","coordinates":[107.08112057015836,10.325973448815773]},"properties":{"FID":559,"Name":"Vũng Tàu","Date":" ","CODSP":"VNM-002","Contr_Id":"VNM","Admin01":"Vietnam","Admin02":"Thành phố Hồ Chí Minh","Confidence":"High","Marin_Reg0":"South China and Easter Archipelagic Seas","Marin_Reg1":"South China Sea","SIZE":962.349536478,"MSLT":4.7763133049000004,"SWHS":0.99552083015399995,"TIDE":4.1867170333899999,"GCL2020":"Artificial","COASTSP":"Mixed (rocky/artificial)"}},{"type":"Feature","id":560,"geometry":{"type":"Point","coordinates":[114.29286383469844,22.357995508486056]},"properties":{"FID":560,"Name":"橋咀天池 - Sharp island tidal pool","Date":" ","CODSP":"CHN/HKG-001","Contr_Id":"CHN/HKG","Admin01":"China","Admin02":"Hong Kong","Confidence":"High","Marin_Reg0":"South China and Easter Archipelagic Seas","Marin_Reg1":"South China Sea","SIZE":467.31530185700001,"MSLT":3.1255433559400001,"SWHS":0.53897786140399995,"TIDE":2.1591119766200002,"GCL2020":"NaN","COASTSP":"Rocky"}},{"type":"Feature","id":561,"geometry":{"type":"Point","coordinates":[138.76693991224738,34.775548339884097]},"properties":{"FID":561,"Name":"Kabuto Rock - Kajiyahama Beach","Date":" ","CODSP":"JPN-002","Contr_Id":"JPN","Admin01":"Japan","Admin02":"Shizuoka Ken","Confidence":"High","Marin_Reg0":"North Pacific Ocean","Marin_Reg1":"Philippine Sea","SIZE":540.45767086499995,"MSLT":9.5196208953900001,"SWHS":0.80741047859199999,"TIDE":1.9584347009700001,"GCL2020":"Rocky","COASTSP":"Rocky"}},{"type":"Feature","id":562,"geometry":{"type":"Point","coordinates":[135.19336171876841,34.338551699401592]},"properties":{"FID":562,"Name":"Sennan Satoumi Park tidal pools (2)","Date":"2000s","CODSP":"JPN-007","Contr_Id":"JPN","Admin01":"Japan","Admin02":"Osaka Fu","Confidence":"High","Marin_Reg0":"North Pacific Ocean","Marin_Reg1":"Seto Naikai or Inland Sea","SIZE":1279.6704389900001,"MSLT":-1.81859874725,"SWHS":0.40982744097700002,"TIDE":1.8954365253400001,"GCL2020":"Artificial","COASTSP":"Artificial"}},{"type":"Feature","id":563,"geometry":{"type":"Point","coordinates":[141.18433146752352,41.811130591703602]},"properties":{"FID":563,"Name":"Mizunashi Kaihin onsen’s / Mizunashikaihin Hot Spring","Date":" ","CODSP":"JPN-004","Contr_Id":"JPN","Admin01":"Japan","Admin02":"Hokkai Do","Confidence":"High","Marin_Reg0":"North Pacific Ocean","Marin_Reg1":"North Pacific Ocean","SIZE":49.112869398299999,"MSLT":2.9050374031100001,"SWHS":0.96085286140399995,"TIDE":1.6855965852699999,"GCL2020":"Rocky","COASTSP":"Rocky"}},{"type":"Feature","id":564,"geometry":{"type":"Point","coordinates":[-1.8020849629506301,46.488763748748113]},"properties":{"FID":564,"Name":"Bassin Dombret","Date":"1965-1985","CODSP":"FRA-002","Contr_Id":"FRA","Admin01":"France","Admin02":"Pays-de-la-Loire","Confidence":"High","Marin_Reg0":"North Atlantic Ocean","Marin_Reg1":"Bay of Biscay","SIZE":698195.91542500001,"MSLT":4.9835023879999998,"SWHS":1.48111653328,"TIDE":4.3991889953600003,"GCL2020":"Rocky","COASTSP":"Rocky"}},{"type":"Feature","id":565,"geometry":{"type":"Point","coordinates":[-9.6308068518546293,53.363300917803144]},"properties":{"FID":565,"Name":"Kilbricken Sea bathing pool","Date":" ","CODSP":"IRL-003","Contr_Id":"IRL","Admin01":"Ireland","Admin02":"Galway","Confidence":"High","Marin_Reg0":"North Atlantic Ocean","Marin_Reg1":"North Atlantic Ocean","SIZE":369.498330506,"MSLT":4.1862258911100003,"SWHS":0.79129719734199999,"TIDE":3.6164002418500001,"GCL2020":"Rocky","COASTSP":"Rocky"}},{"type":"Feature","id":566,"geometry":{"type":"Point","coordinates":[12.027059254481173,36.811167401954208]},"properties":{"FID":566,"Name":"Vasche Termali naturali","Date":" ","CODSP":"ITA-008","Contr_Id":"ITA","Admin01":"Italy","Admin02":"Sicilia","Confidence":"High","Marin_Reg0":"Mediterranean region","Marin_Reg1":"Mediterranean Sea - Eastern Basin","SIZE":87.769933657999999,"MSLT":3.7956569194799998,"SWHS":1.86209797859,"TIDE":0.152953132987,"GCL2020":"NaN","COASTSP":"Rocky"}},{"type":"Feature","id":567,"geometry":{"type":"Point","coordinates":[-7.3170577050500469,33.741868493464438]},"properties":{"FID":567,"Name":"Piscine palmiers (2)","Date":" ","CODSP":"MAR-005","Contr_Id":"MAR","Admin01":"Morocco","Admin02":"Casablanca-Settat","Confidence":"High","Marin_Reg0":"North Atlantic Ocean","Marin_Reg1":"North Atlantic Ocean","SIZE":3086.4988447300002,"MSLT":4.7610225677500004,"SWHS":1.96854329109,"TIDE":2.9653134346000001,"GCL2020":"Rocky","COASTSP":"Sandy"}},{"type":"Feature","id":568,"geometry":{"type":"Point","coordinates":[18.358344608117307,-33.80256852921417]},"properties":{"FID":568,"Name":"Bath of Bethesda","Date":" ","CODSP":"ZAF-003","Contr_Id":"ZAF","Admin01":"South Africa","Admin02":"Western Cape","Confidence":"High","Marin_Reg0":"South Atlantic Ocean","Marin_Reg1":"South Atlantic Ocean","SIZE":2160.6857619500001,"MSLT":3.6732182502700002,"SWHS":1.77652668953,"TIDE":1.59625852108,"GCL2020":"NaN","COASTSP":"Rocky"}},{"type":"Feature","id":569,"geometry":{"type":"Point","coordinates":[22.197682286808174,-34.068793868642047]},"properties":{"FID":569,"Name":"Tergniet Getypoel Tidal Pool","Date":" ","CODSP":"ZAF-092","Contr_Id":"ZAF","Admin01":"South Africa","Admin02":"Western Cape","Confidence":"High","Marin_Reg0":"Indian Ocean","Marin_Reg1":"Indian Ocean","SIZE":461.06719077299999,"MSLT":2.9520134925799999,"SWHS":1.8580697774899999,"TIDE":1.95190966129,"GCL2020":"Sandy","COASTSP":"Mixed (rocky/sandy)"}},{"type":"Feature","id":570,"geometry":{"type":"Point","coordinates":[25.349459658336627,-34.01245851904531]},"properties":{"FID":570,"Name":"Sea View Tidal pool","Date":" ","CODSP":"ZAF-078","Contr_Id":"ZAF","Admin01":"South Africa","Admin02":"Eastern Cape","Confidence":"High","Marin_Reg0":"Indian Ocean","Marin_Reg1":"Indian Ocean","SIZE":1478.1681720700001,"MSLT":3.79105019569,"SWHS":1.76822590828,"TIDE":1.68956756592,"GCL2020":"Rocky","COASTSP":"Mixed (rocky/sandy)"}},{"type":"Feature","id":571,"geometry":{"type":"Point","coordinates":[25.579254839439329,-34.049550544222143]},"properties":{"FID":571,"Name":"Willow Park Gate 5 Tidal pool","Date":" ","CODSP":"ZAF-105","Contr_Id":"ZAF","Admin01":"South Africa","Admin02":"Eastern Cape","Confidence":"High","Marin_Reg0":"Indian Ocean","Marin_Reg1":"Indian Ocean","SIZE":18606.827163900001,"MSLT":3.8183929920200002,"SWHS":1.76822590828,"TIDE":1.68715190887,"GCL2020":"Sandy","COASTSP":"Mixed (rocky/sandy)"}},{"type":"Feature","id":572,"geometry":{"type":"Point","coordinates":[25.641429910661884,-34.038876766949159]},"properties":{"FID":572,"Name":"Noordhoek Tidal Pool","Date":" ","CODSP":"ZAF-065","Contr_Id":"ZAF","Admin01":"South Africa","Admin02":"Eastern Cape","Confidence":"High","Marin_Reg0":"Indian Ocean","Marin_Reg1":"Indian Ocean","SIZE":72.052029043600001,"MSLT":3.8183929920200002,"SWHS":1.76822590828,"TIDE":1.6894096136100001,"GCL2020":"Sandy","COASTSP":"Mixed (rocky/sandy)"}},{"type":"Feature","id":573,"geometry":{"type":"Point","coordinates":[25.648262479330072,-33.975566018356972]},"properties":{"FID":573,"Name":"MacArthur's Baths","Date":" ","CODSP":"ZAF-048","Contr_Id":"ZAF","Admin01":"South Africa","Admin02":"Eastern Cape","Confidence":"High","Marin_Reg0":"Indian Ocean","Marin_Reg1":"Indian Ocean","SIZE":1363.2906141799999,"MSLT":3.8769545555099998,"SWHS":1.76822590828,"TIDE":1.72558939457,"GCL2020":"Sandy","COASTSP":"Artificial"}},{"type":"Feature","id":574,"geometry":{"type":"Point","coordinates":[-65.075067694445067,-40.806629445375734]},"properties":{"FID":574,"Name":"Los Piletones, Rio negro (1)","Date":" ","CODSP":"ARG-001","Contr_Id":"ARG","Admin01":"Argentina","Admin02":"Río Negro","Confidence":"High","Marin_Reg0":"South Atlantic Ocean","Marin_Reg1":"South Atlantic Ocean","SIZE":1030.7637462499999,"MSLT":3.7646160125699999,"SWHS":0.64737629890399995,"TIDE":7.5797991752599998,"GCL2020":"Artificial","COASTSP":"Sandy"}},{"type":"Feature","id":575,"geometry":{"type":"Point","coordinates":[-157.6800934647371,21.325540159304921]},"properties":{"FID":575,"Name":"Kid's beach","Date":" ","CODSP":"USA-005","Contr_Id":"USA","Admin01":"United States","Admin02":"Hawaii","Confidence":"High","Marin_Reg0":"North Pacific Ocean","Marin_Reg1":"North Pacific Ocean","SIZE":1095.2783245600001,"MSLT":2.99640750885,"SWHS":2.0028450488999998,"TIDE":0.98584020137799999,"GCL2020":"NaN","COASTSP":"Sandy"}},{"type":"Feature","id":576,"geometry":{"type":"Point","coordinates":[-99.866709967929012,16.828921724884481]},"properties":{"FID":576,"Name":"Club de Mar - La Concha - Las Brisas (1)","Date":" ","CODSP":"MEX-002","Contr_Id":"MEX","Admin01":"Mexico","Admin02":"Guerrero","Confidence":"High","Marin_Reg0":"North Pacific Ocean","Marin_Reg1":"North Pacific Ocean","SIZE":777.56257708600003,"MSLT":4.8637671470599999,"SWHS":0.86141777038599998,"TIDE":0.94358575344100004,"GCL2020":"Artificial","COASTSP":"Artificial"}},{"type":"Feature","id":577,"geometry":{"type":"Point","coordinates":[-99.865921418013443,16.829502494938083]},"properties":{"FID":577,"Name":"Club de Mar - La Concha - Las Brisas (2)","Date":"2000s","CODSP":"MEX-003","Contr_Id":"MEX","Admin01":"Mexico","Admin02":"Guerrero","Confidence":"High","Marin_Reg0":"North Pacific Ocean","Marin_Reg1":"North Pacific Ocean","SIZE":961.545187285,"MSLT":4.8637671470599999,"SWHS":0.86141777038599998,"TIDE":0.94358575344100004,"GCL2020":"Artificial","COASTSP":"Artificial"}},{"type":"Feature","id":578,"geometry":{"type":"Point","coordinates":[-87.118301919411465,20.578719016665389]},"properties":{"FID":578,"Name":"Piscina en Parque Xcaret (2)","Date":" ","CODSP":"MEX-016","Contr_Id":"MEX","Admin01":"Mexico","Admin02":"Quintana Roo","Confidence":"High","Marin_Reg0":"North Atlantic Ocean","Marin_Reg1":"Caribbean Sea","SIZE":23.1296391789,"MSLT":5.2524857521100001,"SWHS":0.63895344734199999,"TIDE":0.25976639986,"GCL2020":"Rocky","COASTSP":"Rocky"}},{"type":"Feature","id":579,"geometry":{"type":"Point","coordinates":[-87.120302690117001,20.577295896688327]},"properties":{"FID":579,"Name":"La Laguna Xcaret (1)","Date":" ","CODSP":"MEX-009","Contr_Id":"MEX","Admin01":"Mexico","Admin02":"Quintana Roo","Confidence":"High","Marin_Reg0":"North Atlantic Ocean","Marin_Reg1":"Caribbean Sea","SIZE":47.4961286797,"MSLT":5.2524857521100001,"SWHS":0.63895344734199999,"TIDE":0.25976639986,"GCL2020":"Rocky","COASTSP":"Rocky"}},{"type":"Feature","id":580,"geometry":{"type":"Point","coordinates":[-87.120173161975401,20.577355263753361]},"properties":{"FID":580,"Name":"La Laguna Xcaret (2)","Date":" ","CODSP":"MEX-010","Contr_Id":"MEX","Admin01":"Mexico","Admin02":"Quintana Roo","Confidence":"High","Marin_Reg0":"North Atlantic Ocean","Marin_Reg1":"Caribbean Sea","SIZE":51.921228853000002,"MSLT":5.2524857521100001,"SWHS":0.63895344734199999,"TIDE":0.25976639986,"GCL2020":"Rocky","COASTSP":"Rocky"}},{"type":"Feature","id":581,"geometry":{"type":"Point","coordinates":[-87.119902896526071,20.577452825013779]},"properties":{"FID":581,"Name":"La Laguna Xcaret (4)","Date":" ","CODSP":"MEX-012","Contr_Id":"MEX","Admin01":"Mexico","Admin02":"Quintana Roo","Confidence":"High","Marin_Reg0":"North Atlantic Ocean","Marin_Reg1":"Caribbean Sea","SIZE":679.71117769700004,"MSLT":5.2524857521100001,"SWHS":0.63895344734199999,"TIDE":0.25976639986,"GCL2020":"Rocky","COASTSP":"Rocky"}},{"type":"Feature","id":582,"geometry":{"type":"Point","coordinates":[-89.397733464077362,13.49440042817514]},"properties":{"FID":582,"Name":"El Sunzal (2)","Date":" ","CODSP":"SLV-028","Contr_Id":"SLV","Admin01":"El Salvador","Admin02":"La Libertad","Confidence":"High","Marin_Reg0":"North Pacific Ocean","Marin_Reg1":"North Pacific Ocean","SIZE":76.150638964699993,"MSLT":4.6740350723299997,"SWHS":0.77030110359199999,"TIDE":2.20023441315,"GCL2020":"Rocky","COASTSP":"Rocky"}},{"type":"Feature","id":583,"geometry":{"type":"Point","coordinates":[-89.377767584144806,13.491996272866743]},"properties":{"FID":583,"Name":"El Tunco (2)","Date":" ","CODSP":"SLV-030","Contr_Id":"SLV","Admin01":"El Salvador","Admin02":"La Libertad","Confidence":"High","Marin_Reg0":"North Pacific Ocean","Marin_Reg1":"North Pacific Ocean","SIZE":26.620000000000001,"MSLT":4.6740350723299997,"SWHS":0.77030110359199999,"TIDE":2.2062644958500002,"GCL2020":"Rocky","COASTSP":"Rocky"}},{"type":"Feature","id":584,"geometry":{"type":"Point","coordinates":[-87.968556653907058,13.158094263097951]},"properties":{"FID":584,"Name":"Conchagua (6)","Date":" ","CODSP":"SLV-021","Contr_Id":"SLV","Admin01":"El Salvador","Admin02":"La Unión","Confidence":"High","Marin_Reg0":"North Pacific Ocean","Marin_Reg1":"North Pacific Ocean","SIZE":37.434653772600001,"MSLT":4.8557171821600003,"SWHS":0.44168779254000001,"TIDE":2.52314352989,"GCL2020":"Artificial","COASTSP":"Rocky"}},{"type":"Feature","id":585,"geometry":{"type":"Point","coordinates":[-87.945873534572684,13.160868452657439]},"properties":{"FID":585,"Name":"Conchagua (17)","Date":" ","CODSP":"SLV-015","Contr_Id":"SLV","Admin01":"El Salvador","Admin02":"La Unión","Confidence":"High","Marin_Reg0":"North Pacific Ocean","Marin_Reg1":"North Pacific Ocean","SIZE":53.880000000000003,"MSLT":4.8557171821600003,"SWHS":0.44168779254000001,"TIDE":2.5553939342500001,"GCL2020":"Artificial","COASTSP":"Rocky"}},{"type":"Feature","id":586,"geometry":{"type":"Point","coordinates":[141.18406651797238,41.811429154257155]},"properties":{"FID":586,"Name":"Mizunashi Kaihin onsen’s / Mizunashikaihin Hot Spring (2)","Date":" ","CODSP":"JPN-005","Contr_Id":"JPN","Admin01":"Japan","Admin02":"Hokkai Do","Confidence":"High","Marin_Reg0":"North Pacific Ocean","Marin_Reg1":"North Pacific Ocean","SIZE":48.242995290400003,"MSLT":2.9050374031100001,"SWHS":0.96085286140399995,"TIDE":1.6855965852699999,"GCL2020":"Rocky","COASTSP":"Rocky"}},{"type":"Feature","id":587,"geometry":{"type":"Point","coordinates":[135.19163698793079,34.338327936945916]},"properties":{"FID":587,"Name":"Sennan Satoumi Park tidal pools (1)","Date":"2000s","CODSP":"JPN-006","Contr_Id":"JPN","Admin01":"Japan","Admin02":"Osaka Fu","Confidence":"High","Marin_Reg0":"North Pacific Ocean","Marin_Reg1":"Seto Naikai or Inland Sea","SIZE":590.464869647,"MSLT":-1.81859874725,"SWHS":0.40982744097700002,"TIDE":1.8954365253400001,"GCL2020":"Artificial","COASTSP":"Artificial"}},{"type":"Feature","id":588,"geometry":{"type":"Point","coordinates":[135.19482497437696,34.339308469054743]},"properties":{"FID":588,"Name":"Sennan Satoumi Park tidal pools (3)","Date":"2000s","CODSP":"JPN-008","Contr_Id":"JPN","Admin01":"Japan","Admin02":"Osaka Fu","Confidence":"High","Marin_Reg0":"North Pacific Ocean","Marin_Reg1":"Seto Naikai or Inland Sea","SIZE":526.59698848200003,"MSLT":-1.81859874725,"SWHS":0.40982744097700002,"TIDE":1.8954365253400001,"GCL2020":"Artificial","COASTSP":"Artificial"}},{"type":"Feature","id":589,"geometry":{"type":"Point","coordinates":[121.50563374530589,22.637294131952387]},"properties":{"FID":589,"Name":"Zhaori Hot Springs (2)","Date":" ","CODSP":"TWN-010","Contr_Id":"TWN","Admin01":"Taiwan","Admin02":"Taiwan Province","Confidence":"High","Marin_Reg0":"North Pacific Ocean","Marin_Reg1":"Philippine Sea","SIZE":228.49973208200001,"MSLT":2.5571041107200001,"SWHS":1.68399739265,"TIDE":1.88440561295,"GCL2020":"NaN","COASTSP":"Rocky"}},{"type":"Feature","id":590,"geometry":{"type":"Point","coordinates":[153.14384827360402,-26.803312370949186]},"properties":{"FID":590,"Name":"Kings Beach rock pool","Date":" ","CODSP":"AUS-034","Contr_Id":"AUS","Admin01":"Australia","Admin02":"Queensland","Confidence":"High","Marin_Reg0":"South Pacific Ocean","Marin_Reg1":"Coral Sea","SIZE":702.44391195599997,"MSLT":4.10903739929,"SWHS":1.01785969734,"TIDE":2.0078933238999999,"GCL2020":"Rocky","COASTSP":"Mixed (rocky/sandy)"}},{"type":"Feature","id":591,"geometry":{"type":"Point","coordinates":[153.36417280313242,-29.478964559067094]},"properties":{"FID":591,"Name":"Angourie Ocean pool","Date":"1890s","CODSP":"AUS-001","Contr_Id":"AUS","Admin01":"Australia","Admin02":"New South Wales","Confidence":"High","Marin_Reg0":"South Pacific Ocean","Marin_Reg1":"Coral Sea","SIZE":1179.3337320000001,"MSLT":3.17306852341,"SWHS":1.09610676765,"TIDE":1.9221045970899999,"GCL2020":"Rocky","COASTSP":"Rocky"}},{"type":"Feature","id":592,"geometry":{"type":"Point","coordinates":[151.32436259725614,-33.658447229555975]},"properties":{"FID":592,"Name":"Newport rockpool","Date":"1926","CODSP":"AUS-046","Contr_Id":"AUS","Admin01":"Australia","Admin02":"New South Wales","Confidence":"High","Marin_Reg0":"South Pacific Ocean","Marin_Reg1":"Tasman Sea","SIZE":4137.7324672900004,"MSLT":3.0997743606600001,"SWHS":1.24982380867,"TIDE":1.7470599412900001,"GCL2020":"Sandy","COASTSP":"Rocky"}},{"type":"Feature","id":593,"geometry":{"type":"Point","coordinates":[151.26690777967042,-33.914154637926174]},"properties":{"FID":593,"Name":"Geoff James pool / Clovelly Ocean pool","Date":"1962","CODSP":"AUS-030","Contr_Id":"AUS","Admin01":"Australia","Admin02":"New South Wales","Confidence":"High","Marin_Reg0":"South Pacific Ocean","Marin_Reg1":"Tasman Sea","SIZE":161.153996925,"MSLT":3.2987504005399999,"SWHS":1.24982380867,"TIDE":1.7326627969699999,"GCL2020":"Artificial","COASTSP":"Artificial"}},{"type":"Feature","id":594,"geometry":{"type":"Point","coordinates":[150.93505910389456,-34.308208976263131]},"properties":{"FID":594,"Name":"Austinmer Rock pool","Date":" ","CODSP":"AUS-004","Contr_Id":"AUS","Admin01":"Australia","Admin02":"New South Wales","Confidence":"High","Marin_Reg0":"South Pacific Ocean","Marin_Reg1":"Tasman Sea","SIZE":192.794818819,"MSLT":2.8736906051600002,"SWHS":1.3628461360899999,"TIDE":1.7100415229799999,"GCL2020":"Artificial","COASTSP":"Mixed (rocky/sandy)"}},{"type":"Feature","id":595,"geometry":{"type":"Point","coordinates":[150.9239105106617,-34.347715688328265]},"properties":{"FID":595,"Name":"Original woonona","Date":"1894","CODSP":"AUS-053","Contr_Id":"AUS","Admin01":"Australia","Admin02":"New South Wales","Confidence":"High","Marin_Reg0":"South Pacific Ocean","Marin_Reg1":"Tasman Sea","SIZE":195.73778612500001,"MSLT":2.8736906051600002,"SWHS":1.3628461360899999,"TIDE":1.7089385986300001,"GCL2020":"Rocky","COASTSP":"Mixed (rocky/sandy)"}},{"type":"Feature","id":596,"geometry":{"type":"Point","coordinates":[150.9234808089434,-34.347581910088309]},"properties":{"FID":596,"Name":"Woonona Rock Pool (2)","Date":"1920s","CODSP":"AUS-075","Contr_Id":"AUS","Admin01":"Australia","Admin02":"New South Wales","Confidence":"High","Marin_Reg0":"South Pacific Ocean","Marin_Reg1":"Tasman Sea","SIZE":806.05102753100005,"MSLT":2.8736906051600002,"SWHS":1.3628461360899999,"TIDE":1.7089385986300001,"GCL2020":"Rocky","COASTSP":"Mixed (rocky/sandy)"}},{"type":"Feature","id":597,"geometry":{"type":"Point","coordinates":[-27.075215721028655,38.671065012040856]},"properties":{"FID":597,"Name":"Piscina Natural de São Sebastião","Date":" ","CODSP":"POR-016","Contr_Id":"POR","Admin01":"Portugal","Admin02":"Azores","Confidence":"High","Marin_Reg0":"North Atlantic Ocean","Marin_Reg1":"North Atlantic Ocean","SIZE":555.50594811200006,"MSLT":5.5690817832899997,"SWHS":2.96659016609,"TIDE":1.4368230104399999,"GCL2020":"NaN","COASTSP":"Rocky"}},{"type":"Feature","id":598,"geometry":{"type":"Point","coordinates":[-25.668590575175642,37.83427297455853]},"properties":{"FID":598,"Name":"Poços de Capelas e São Vicente (2)","Date":" ","CODSP":"POR-044","Contr_Id":"POR","Admin01":"Portugal","Admin02":"Azores","Confidence":"High","Marin_Reg0":"North Atlantic Ocean","Marin_Reg1":"North Atlantic Ocean","SIZE":191.87151709299999,"MSLT":5.4130401611299996,"SWHS":2.7425911426499998,"TIDE":1.6033488512,"GCL2020":"NaN","COASTSP":"Mixed (rocky/artificial)"}},{"type":"Feature","id":599,"geometry":{"type":"Point","coordinates":[-13.450543371156357,29.142662897139758]},"properties":{"FID":599,"Name":"Piscina Natural del Pichón / Charco Virgen del Pino","Date":"1977-1990","CODSP":"ESP-068","Contr_Id":"ESP","Admin01":"Spain","Admin02":"Canarias","Confidence":"High","Marin_Reg0":"North Atlantic Ocean","Marin_Reg1":"North Atlantic Ocean","SIZE":428.51374880499998,"MSLT":4.57903242111,"SWHS":1.53104329109,"TIDE":2.5822186469999999,"GCL2020":"NaN","COASTSP":"Rocky"}},{"type":"Feature","id":600,"geometry":{"type":"Point","coordinates":[-16.394964230686639,28.539925647671794]},"properties":{"FID":600,"Name":"Charco Punta de los Gomeros","Date":"2004-2006","CODSP":"ESP-031","Contr_Id":"ESP","Admin01":"Spain","Admin02":"Canarias","Confidence":"High","Marin_Reg0":"North Atlantic Ocean","Marin_Reg1":"North Atlantic Ocean","SIZE":277.88350740800001,"MSLT":4.7388978004500002,"SWHS":1.52872395515,"TIDE":2.1960725784299999,"GCL2020":"NaN","COASTSP":"Rocky"}},{"type":"Feature","id":601,"geometry":{"type":"Point","coordinates":[-16.407763566135486,28.528405913102517]},"properties":{"FID":601,"Name":"Charco de los Niños","Date":"1964-1987","CODSP":"ESP-015","Contr_Id":"ESP","Admin01":"Spain","Admin02":"Canarias","Confidence":"High","Marin_Reg0":"North Atlantic Ocean","Marin_Reg1":"North Atlantic Ocean","SIZE":1237.1384262700001,"MSLT":4.7388978004500002,"SWHS":1.52872395515,"TIDE":2.1960725784299999,"GCL2020":"NaN","COASTSP":"Rocky"}},{"type":"Feature","id":602,"geometry":{"type":"Point","coordinates":[-16.406640928935644,28.529134682319921]},"properties":{"FID":602,"Name":"El Charco de la Casa","Date":"1987-1994","CODSP":"ESP-039","Contr_Id":"ESP","Admin01":"Spain","Admin02":"Canarias","Confidence":"High","Marin_Reg0":"North Atlantic Ocean","Marin_Reg1":"North Atlantic Ocean","SIZE":196.49791905000001,"MSLT":4.7388978004500002,"SWHS":1.52872395515,"TIDE":2.1960725784299999,"GCL2020":"NaN","COASTSP":"Rocky"}},{"type":"Feature","id":603,"geometry":{"type":"Point","coordinates":[10.43019443284112,43.385371738955939]},"properties":{"FID":603,"Name":"Rosignano Maritimo Beach pool","Date":" ","CODSP":"ITA-007","Contr_Id":"ITA","Admin01":"Italy","Admin02":"Toscana","Confidence":"High","Marin_Reg0":"Mediterranean region","Marin_Reg1":"Tyrrhenian Sea","SIZE":10889.6626024,"MSLT":4.0510344505300004,"SWHS":0.79929077625300005,"TIDE":0.359717816114,"GCL2020":"Sandy","COASTSP":"Mixed (artificial/sandy)"}},{"type":"Feature","id":604,"geometry":{"type":"Point","coordinates":[-1.846998285842119,48.674784090713217]},"properties":{"FID":604,"Name":"Piscine à marée de Cancale","Date":"1937","CODSP":"FRA-018","Contr_Id":"FRA","Admin01":"France","Admin02":"Bretagne","Confidence":"High","Marin_Reg0":"North Atlantic Ocean","Marin_Reg1":"English Channel","SIZE":539.31306387699999,"MSLT":4.9144053459199997,"SWHS":0.59635090827899995,"TIDE":11.249554634100001,"GCL2020":"Rocky","COASTSP":"Sandy"}},{"type":"Feature","id":605,"geometry":{"type":"Point","coordinates":[-1.5739246844918853,48.815202857436077]},"properties":{"FID":605,"Name":"Piscine de Mer Saint-Pair-sur-Mer","Date":"1967","CODSP":"FRA-013","Contr_Id":"FRA","Admin01":"France","Admin02":"Normandie","Confidence":"High","Marin_Reg0":"North Atlantic Ocean","Marin_Reg1":"English Channel","SIZE":516.24593449099996,"MSLT":4.6086878776600004,"SWHS":0.59635090827899995,"TIDE":11.2339601517,"GCL2020":"Rocky","COASTSP":"Mixed (sandy/rocky)"}},{"type":"Feature","id":606,"geometry":{"type":"Point","coordinates":[-2.1197335583729,49.186877704135497]},"properties":{"FID":606,"Name":"Victoria Marine Lake","Date":"1897","CODSP":"JEY-002","Contr_Id":"JEY","Admin01":"Jersey","Admin02":"Saint Helier","Confidence":"High","Marin_Reg0":"North Atlantic Ocean","Marin_Reg1":"English Channel","SIZE":24701.734802200001,"MSLT":4.9180126190199998,"SWHS":1.0751106739,"TIDE":9.5757751464799998,"GCL2020":"NaN","COASTSP":"Sandy"}},{"type":"Feature","id":607,"geometry":{"type":"Point","coordinates":[-6.0978552305344351,53.268895608545506]},"properties":{"FID":607,"Name":"Vico Baths","Date":"1896","CODSP":"IRL-006","Contr_Id":"IRL","Admin01":"Ireland","Admin02":"Dublin","Confidence":"High","Marin_Reg0":"North Atlantic Ocean","Marin_Reg1":"Irish Sea and St. George's Channel","SIZE":29.9193222207,"MSLT":4.6033487319899997,"SWHS":1.02359700203,"TIDE":3.6519858837100001,"GCL2020":"Sandy","COASTSP":"Rocky"}},{"type":"Feature","id":608,"geometry":{"type":"Point","coordinates":[-5.5314817496108617,50.114787366356495]},"properties":{"FID":608,"Name":"Jubilee Pool","Date":"1935","CODSP":"GBR-012","Contr_Id":"GBR","Admin01":"United Kingdom","Admin02":"England","Confidence":"High","Marin_Reg0":"North Atlantic Ocean","Marin_Reg1":"English Channel","SIZE":2466.0847126600002,"MSLT":4.6660399437000004,"SWHS":1.93949055672,"TIDE":4.7816834449799996,"GCL2020":"Rocky","COASTSP":"Mixed (artificial/rocky)"}},{"type":"Feature","id":609,"geometry":{"type":"Point","coordinates":[-87.950657359043703,13.159413613379627]},"properties":{"FID":609,"Name":"Nochtli Beach House pool","Date":" ","CODSP":"SLV-039","Contr_Id":"SLV","Admin01":"El Salvador","Admin02":"La Unión","Confidence":"High","Marin_Reg0":"North Pacific Ocean","Marin_Reg1":"North Pacific Ocean","SIZE":730.00208316700002,"MSLT":4.8557171821600003,"SWHS":0.44168779254000001,"TIDE":2.52314352989,"GCL2020":"Artificial","COASTSP":"Rocky"}},{"type":"Feature","id":610,"geometry":{"type":"Point","coordinates":[-87.970753034885661,13.158596927474605]},"properties":{"FID":610,"Name":"Conchagua","Date":" ","CODSP":"SLV-005","Contr_Id":"SLV","Admin01":"El Salvador","Admin02":"La Unión","Confidence":"High","Marin_Reg0":"North Pacific Ocean","Marin_Reg1":"North Pacific Ocean","SIZE":86.362367591700007,"MSLT":4.8557171821600003,"SWHS":0.44168779254000001,"TIDE":2.52314352989,"GCL2020":"Artificial","COASTSP":"Mixed (sandy/rocky)"}},{"type":"Feature","id":611,"geometry":{"type":"Point","coordinates":[-87.97076281622185,13.158258896193558]},"properties":{"FID":611,"Name":"Conchagua (0)","Date":" ","CODSP":"SLV-006","Contr_Id":"SLV","Admin01":"El Salvador","Admin02":"La Unión","Confidence":"High","Marin_Reg0":"North Pacific Ocean","Marin_Reg1":"North Pacific Ocean","SIZE":33.498551399999997,"MSLT":4.8557171821600003,"SWHS":0.44168779254000001,"TIDE":2.52314352989,"GCL2020":"Artificial","COASTSP":"Mixed (sandy/rocky)"}},{"type":"Feature","id":612,"geometry":{"type":"Point","coordinates":[-87.969394432936326,13.158001058334435]},"properties":{"FID":612,"Name":"Conchagua (3)","Date":" ","CODSP":"SLV-018","Contr_Id":"SLV","Admin01":"El Salvador","Admin02":"La Unión","Confidence":"High","Marin_Reg0":"North Pacific Ocean","Marin_Reg1":"North Pacific Ocean","SIZE":18.520550825400001,"MSLT":4.8557171821600003,"SWHS":0.44168779254000001,"TIDE":2.52314352989,"GCL2020":"Artificial","COASTSP":"Rocky"}},{"type":"Feature","id":613,"geometry":{"type":"Point","coordinates":[-87.949748253727535,13.159306398569072]},"properties":{"FID":613,"Name":"Rancho Las Olas (1)","Date":" ","CODSP":"SLV-044","Contr_Id":"SLV","Admin01":"El Salvador","Admin02":"La Unión","Confidence":"High","Marin_Reg0":"North Pacific Ocean","Marin_Reg1":"North Pacific Ocean","SIZE":70.629259537400003,"MSLT":4.8557171821600003,"SWHS":0.44168779254000001,"TIDE":2.5553939342500001,"GCL2020":"Artificial","COASTSP":"Rocky"}},{"type":"Feature","id":614,"geometry":{"type":"Point","coordinates":[-7.2582084315361612,33.782005317049538]},"properties":{"FID":614,"Name":"Plage bouchaiba","Date":"2022","CODSP":"MAR-007","Contr_Id":"MAR","Admin01":"Morocco","Admin02":"Casablanca-Settat","Confidence":"High","Marin_Reg0":"North Atlantic Ocean","Marin_Reg1":"North Atlantic Ocean","SIZE":1541.2643903200001,"MSLT":4.5781393051099997,"SWHS":1.96854329109,"TIDE":2.9660024642899998,"GCL2020":"Rocky","COASTSP":"Mixed (rocky/sandy)"}},{"type":"Feature","id":615,"geometry":{"type":"Point","coordinates":[-99.915905008149934,16.846539888376526]},"properties":{"FID":615,"Name":"Hotel Mirador Acapulco","Date":" ","CODSP":"MEX-007","Contr_Id":"MEX","Admin01":"Mexico","Admin02":"Guerrero","Confidence":"High","Marin_Reg0":"North Pacific Ocean","Marin_Reg1":"North Pacific Ocean","SIZE":153.17074572800001,"MSLT":4.8637671470599999,"SWHS":0.86141777038599998,"TIDE":0.94224655628200005,"GCL2020":"Artificial","COASTSP":"Mixed (rocky/artificial)"}},{"type":"Feature","id":616,"geometry":{"type":"Point","coordinates":[-87.212511390976431,20.506878211450783]},"properties":{"FID":616,"Name":"Hard rock hotel Riviera Maya","Date":" ","CODSP":"MEX-006","Contr_Id":"MEX","Admin01":"Mexico","Admin02":"Quintana Roo","Confidence":"High","Marin_Reg0":"North Atlantic Ocean","Marin_Reg1":"Caribbean Sea","SIZE":1438.0947230199999,"MSLT":5.2524857521100001,"SWHS":0.63895344734199999,"TIDE":0.25695580244100003,"GCL2020":"Artificial","COASTSP":"Mixed (rocky/artificial)"}},{"type":"Feature","id":617,"geometry":{"type":"Point","coordinates":[121.50566544554977,22.636895614601372]},"properties":{"FID":617,"Name":"Zhaori Hot Springs (3)","Date":" ","CODSP":"TWN-011","Contr_Id":"TWN","Admin01":"Taiwan","Admin02":"Taiwan Province","Confidence":"High","Marin_Reg0":"North Pacific Ocean","Marin_Reg1":"Philippine Sea","SIZE":352.12016428300001,"MSLT":2.5571041107200001,"SWHS":1.68399739265,"TIDE":1.88440561295,"GCL2020":"NaN","COASTSP":"Rocky"}},{"type":"Feature","id":618,"geometry":{"type":"Point","coordinates":[-157.82394174811105,21.272237485820312]},"properties":{"FID":618,"Name":"Waikiki Beach Pool (1)","Date":" ","CODSP":"USA-012","Contr_Id":"USA","Admin01":"United States","Admin02":"Hawaii","Confidence":"High","Marin_Reg0":"North Pacific Ocean","Marin_Reg1":"North Pacific Ocean","SIZE":9967.2020303000008,"MSLT":3.6632311344100001,"SWHS":2.0028450488999998,"TIDE":0.92857146263099999,"GCL2020":"NaN","COASTSP":"Sandy"}},{"type":"Feature","id":619,"geometry":{"type":"Point","coordinates":[-87.948050798143072,13.160289517383319]},"properties":{"FID":619,"Name":"Conchagua (14)","Date":" ","CODSP":"SLV-012","Contr_Id":"SLV","Admin01":"El Salvador","Admin02":"La Unión","Confidence":"High","Marin_Reg0":"North Pacific Ocean","Marin_Reg1":"North Pacific Ocean","SIZE":94.260000000000005,"MSLT":4.8557171821600003,"SWHS":0.44168779254000001,"TIDE":2.5553939342500001,"GCL2020":"Artificial","COASTSP":"Rocky"}},{"type":"Feature","id":620,"geometry":{"type":"Point","coordinates":[18.320772219805633,-33.522029024849473]},"properties":{"FID":620,"Name":"Ganzekraal Coastal Resort pool (2)","Date":" ","CODSP":"ZAF-021","Contr_Id":"ZAF","Admin01":"South Africa","Admin02":"Western Cape","Confidence":"High","Marin_Reg0":"South Atlantic Ocean","Marin_Reg1":"South Atlantic Ocean","SIZE":527.88930860400001,"MSLT":2.9415564537000001,"SWHS":1.65116047859,"TIDE":1.5960632562599999,"GCL2020":"Sandy","COASTSP":"Mixed (rocky/sandy)"}},{"type":"Feature","id":621,"geometry":{"type":"Point","coordinates":[145.61863160779421,-38.674137574734914]},"properties":{"FID":621,"Name":"Cape Paterson Bay Beach Rock Pool","Date":"1960s","CODSP":"AUS-018","Contr_Id":"AUS","Admin01":"Australia","Admin02":"Victoria","Confidence":"High","Marin_Reg0":"South Pacific Ocean","Marin_Reg1":"Bass Strait","SIZE":130.67339799999999,"MSLT":2.8495200000000001,"SWHS":1.4361950000000001,"TIDE":2.8526449999999999,"GCL2020":"Sandy","COASTSP":"Rocky"}},{"type":"Feature","id":622,"geometry":{"type":"Point","coordinates":[153.55029558888702,-28.162587260404337]},"properties":{"FID":622,"Name":"Snapper rocks rock pool","Date":"1955-1956","CODSP":"AUS-063","Contr_Id":"AUS","Admin01":"Australia","Admin02":"Queensland","Confidence":"High","Marin_Reg0":"South Pacific Ocean","Marin_Reg1":"Coral Sea","SIZE":29.635189,"MSLT":3.756907,"SWHS":1.1528689999999999,"TIDE":1.963293,"GCL2020":"Sandy","COASTSP":"Rocky"}},{"type":"Feature","id":623,"geometry":{"type":"Point","coordinates":[-8.8468277154892689,42.125360753812345]},"properties":{"FID":623,"Name":"Cetárea de Monte Boi / Baño en Cetárea","Date":"2019","CODSP":"ESP-002","Contr_Id":"ESP","Admin01":"España","Admin02":"Galicia","Confidence":"High","Marin_Reg0":"North Atlantic Ocean","Marin_Reg1":"North Atlantic Ocean","SIZE":222.24211500000001,"MSLT":4.8783849999999997,"SWHS":1.937843,"TIDE":3.1188199999999999,"GCL2020":"Rocky","COASTSP":"Rocky"}},{"type":"Feature","id":624,"geometry":{"type":"Point","coordinates":[30.513764027296816,-30.667455876587155]},"properties":{"FID":624,"Name":"Sunwich Port Tidal pool","Date":" ","CODSP":"ZAF-091","Contr_Id":"ZAF","Admin01":"South Africa","Admin02":"Kwa-Zulu Natal","Confidence":"High","Marin_Reg0":"Indian Ocean","Marin_Reg1":"Indian Ocean","SIZE":349.013587374,"MSLT":3.6854779999999998,"SWHS":1.987708,"TIDE":1.8082050000000001,"GCL2020":"Sandy","COASTSP":"Mixed (rocky/sandy)"}},{"type":"Feature","id":625,"geometry":{"type":"Point","coordinates":[30.580975513421379,-30.566907187132074]},"properties":{"FID":625,"Name":"Catalina Beaches tidal pool","Date":"1930s","CODSP":"ZAF-011","Contr_Id":"ZAF","Admin01":"South Africa","Admin02":"Kwa-Zulu Natal","Confidence":"High","Marin_Reg0":"Indian Ocean","Marin_Reg1":"Indian Ocean","SIZE":118.53894099999999,"MSLT":3.6854779999999998,"SWHS":1.80619,"TIDE":1.8138609999999999,"GCL2020":"Sandy","COASTSP":"Mixed (rocky/sandy)"}}]
}
